{"version": "1", "message": "ERROR: Hidden Testcases server unreachable.", "problem_id": "m19_a1", "user_id": "saad181", "score": {"sample": {"0": {"execution_time": 0.14827609062194824, "passed": false}, "1": {"execution_time": 0.07476449012756348, "passed": false}, "2": {"execution_time": 0.04302096366882324, "passed": false}, "3": {"execution_time": 0.04454684257507324, "passed": false}, "4": {"execution_time": 0.04451751708984375, "passed": false}, "5": {"execution_time": 0.043923377990722656, "passed": false}, "6": {"execution_time": 0.04420208930969238, "passed": false}, "7": {"execution_time": 0.041349172592163086, "passed": false}, "8": {"execution_time": 0.04351305961608887, "passed": false}, "9": {"execution_time": 0.04529166221618652, "passed": false}, "10": {"execution_time": 0.0418248176574707, "passed": false}, "11": {"execution_time": 0.0496525764465332, "passed": false}, "12": {"execution_time": 0.06525897979736328, "passed": false}}}, "pylint_score": "-2/10"}