{"version": "1", "message": "ERROR: Hidden Testcases server unreachable.", "problem_id": "m19_a1", "user_id": "saad181", "score": {"sample": {"0": {"execution_time": 0.1346447467803955, "passed": false}, "1": {"execution_time": 0.05983781814575195, "passed": false}, "2": {"execution_time": 0.06283378601074219, "passed": false}, "3": {"execution_time": 0.05485868453979492, "passed": false}, "4": {"execution_time": 0.05385923385620117, "passed": false}, "5": {"execution_time": 0.06283307075500488, "passed": false}, "6": {"execution_time": 0.06781792640686035, "passed": false}, "7": {"execution_time": 0.058837175369262695, "passed": false}, "8": {"execution_time": 0.05984377861022949, "passed": false}, "9": {"execution_time": 0.0827786922454834, "passed": false}, "10": {"execution_time": 0.05884289741516113, "passed": false}, "11": {"execution_time": 0.07081127166748047, "passed": false}, "12": {"execution_time": 0.08377838134765625, "passed": false}}}, "pylint_score": "-7/10"}