{"version": "1", "message": "ERROR: Hidden Testcases server unreachable.", "problem_id": "m19_a1", "user_id": "saad181", "score": {"sample": {"0": {"execution_time": 0.08117914199829102, "passed": false}, "1": {"execution_time": 0.6684813499450684, "passed": false}, "2": {"execution_time": 0.08873629570007324, "passed": false}, "3": {"execution_time": 0.08029723167419434, "passed": false}, "4": {"execution_time": 0.08027362823486328, "passed": false}, "5": {"execution_time": 0.06902599334716797, "passed": false}, "6": {"execution_time": 0.06918048858642578, "passed": false}, "7": {"execution_time": 0.08284330368041992, "passed": false}, "8": {"execution_time": 0.08177375793457031, "passed": false}, "9": {"execution_time": 0.07398247718811035, "passed": false}, "10": {"execution_time": 0.0675356388092041, "passed": false}, "11": {"execution_time": 0.06361579895019531, "passed": false}, "12": {"execution_time": 0.07273507118225098, "passed": false}}}, "pylint_score": "-4/10"}