{"version": "1", "message": "ERROR: Hidden Testcases server unreachable.", "problem_id": "m19_a1", "user_id": "saad181", "score": {"sample": {"0": {"execution_time": 0.08774089813232422, "passed": false}, "1": {"execution_time": 0.06446385383605957, "passed": false}, "2": {"execution_time": 0.060453176498413086, "passed": false}, "3": {"execution_time": 0.07732129096984863, "passed": false}, "4": {"execution_time": 0.06968545913696289, "passed": false}, "5": {"execution_time": 0.05907034873962402, "passed": false}, "6": {"execution_time": 0.08321905136108398, "passed": false}, "7": {"execution_time": 0.07605385780334473, "passed": false}, "8": {"execution_time": 0.06697726249694824, "passed": false}, "9": {"execution_time": 0.08923602104187012, "passed": false}, "10": {"execution_time": 0.07142138481140137, "passed": false}, "11": {"execution_time": 0.0702216625213623, "passed": false}, "12": {"execution_time": 0.07532453536987305, "passed": false}}}, "pylint_score": "-4/10"}