{"version": "1", "message": "ERROR: Hidden Testcases server unreachable.", "problem_id": "m19_a1", "user_id": "saad181", "score": {"sample": {"0": {"execution_time": 0.07398080825805664, "passed": false}, "1": {"execution_time": 0.06943464279174805, "passed": false}, "2": {"execution_time": 0.08343219757080078, "passed": false}, "3": {"execution_time": 0.06871390342712402, "passed": false}, "4": {"execution_time": 0.06812524795532227, "passed": false}, "5": {"execution_time": 0.10106015205383301, "passed": false}, "6": {"execution_time": 0.08144283294677734, "passed": false}, "7": {"execution_time": 0.08114385604858398, "passed": false}, "8": {"execution_time": 0.07805657386779785, "passed": false}, "9": {"execution_time": 0.0830528736114502, "passed": false}, "10": {"execution_time": 0.08736109733581543, "passed": false}, "11": {"execution_time": 0.07183098793029785, "passed": false}, "12": {"execution_time": 0.061955928802490234, "passed": false}}}, "pylint_score": "-3/10"}