{"version": "1", "message": "ERROR: Hidden Testcases server unreachable.", "problem_id": "m19_a1", "user_id": "saad181", "score": {"sample": {"0": {"execution_time": 0.1708383560180664, "passed": false}, "1": {"execution_time": 0.07587361335754395, "passed": false}, "2": {"execution_time": 0.0640418529510498, "passed": false}, "3": {"execution_time": 0.05593991279602051, "passed": false}, "4": {"execution_time": 0.0605618953704834, "passed": false}, "5": {"execution_time": 0.0827169418334961, "passed": false}, "6": {"execution_time": 0.07177925109863281, "passed": false}, "7": {"execution_time": 0.0877847671508789, "passed": false}, "8": {"execution_time": 0.08461403846740723, "passed": false}, "9": {"execution_time": 0.07778668403625488, "passed": false}, "10": {"execution_time": 0.08115601539611816, "passed": false}, "11": {"execution_time": 0.08225536346435547, "passed": false}, "12": {"execution_time": 0.08150172233581543, "passed": false}}}, "pylint_score": "-4/10"}