{"version": "1", "message": "ERROR: Hidden Testcases server unreachable.", "problem_id": "m19_a1", "user_id": "saad181", "score": {"sample": {"0": {"execution_time": 0.07623696327209473, "passed": false}, "1": {"execution_time": 0.15018177032470703, "passed": false}, "2": {"execution_time": 0.05667281150817871, "passed": false}, "3": {"execution_time": 0.06380963325500488, "passed": false}, "4": {"execution_time": 0.06788992881774902, "passed": false}, "5": {"execution_time": 0.07411456108093262, "passed": false}, "6": {"execution_time": 0.08660602569580078, "passed": false}, "7": {"execution_time": 0.07501411437988281, "passed": false}, "8": {"execution_time": 0.0660402774810791, "passed": false}, "9": {"execution_time": 0.0791010856628418, "passed": false}, "10": {"execution_time": 0.0861973762512207, "passed": false}, "11": {"execution_time": 0.0704493522644043, "passed": false}, "12": {"execution_time": 0.08205246925354004, "passed": false}}}, "pylint_score": "-3/10"}