{"version": "1", "message": "ERROR: Hidden Testcases server unreachable.", "problem_id": "m19_a1", "user_id": "saad181", "score": {"sample": {"0": {"execution_time": 0.07560253143310547, "passed": false}, "1": {"execution_time": 0.5230574607849121, "passed": false}, "2": {"execution_time": 0.07912993431091309, "passed": false}, "3": {"execution_time": 0.07159852981567383, "passed": false}, "4": {"execution_time": 0.0786278247833252, "passed": false}, "5": {"execution_time": 0.08813858032226562, "passed": false}, "6": {"execution_time": 0.09266042709350586, "passed": false}, "7": {"execution_time": 0.0959160327911377, "passed": false}, "8": {"execution_time": 0.07753849029541016, "passed": false}, "9": {"execution_time": 0.0937798023223877, "passed": false}, "10": {"execution_time": 0.0702052116394043, "passed": false}, "11": {"execution_time": 0.06726551055908203, "passed": false}, "12": {"execution_time": 0.06072640419006348, "passed": false}}}, "pylint_score": "-4/10"}