{"version": "1", "message": "ERROR: Hidden Testcases server unreachable.", "problem_id": "m19_a1", "user_id": "saad181", "score": {"sample": {"0": {"execution_time": 0.0461878776550293, "passed": false}, "1": {"execution_time": 0.05393648147583008, "passed": false}, "2": {"execution_time": 0.08579492568969727, "passed": false}, "3": {"execution_time": 0.06163978576660156, "passed": false}, "4": {"execution_time": 0.12238645553588867, "passed": false}, "5": {"execution_time": 0.09379291534423828, "passed": false}, "6": {"execution_time": 0.09221720695495605, "passed": false}, "7": {"execution_time": 0.04491376876831055, "passed": false}, "8": {"execution_time": 0.05234050750732422, "passed": false}, "9": {"execution_time": 0.04601311683654785, "passed": false}, "10": {"execution_time": 0.04329323768615723, "passed": false}, "11": {"execution_time": 0.0451657772064209, "passed": false}, "12": {"execution_time": 0.04446673393249512, "passed": false}}}, "pylint_score": "-3/10"}