{"version": "1", "message": "ERROR: Hidden Testcases server unreachable.", "problem_id": "m19_a1", "user_id": "saad181", "score": {"sample": {"0": {"execution_time": 0.07901167869567871, "passed": false}, "1": {"execution_time": 0.07709383964538574, "passed": false}, "2": {"execution_time": 0.07250380516052246, "passed": false}, "3": {"execution_time": 0.06279826164245605, "passed": false}, "4": {"execution_time": 0.08095526695251465, "passed": false}, "5": {"execution_time": 0.07195687294006348, "passed": false}, "6": {"execution_time": 0.07596921920776367, "passed": false}, "7": {"execution_time": 0.07503676414489746, "passed": false}, "8": {"execution_time": 0.07989954948425293, "passed": false}, "9": {"execution_time": 0.06776547431945801, "passed": false}, "10": {"execution_time": 0.07170271873474121, "passed": false}, "11": {"execution_time": 0.08663010597229004, "passed": false}, "12": {"execution_time": 0.07950472831726074, "passed": false}}}, "pylint_score": "-3/10"}