{"version": "1", "message": "ERROR: Hidden Testcases server unreachable.", "problem_id": "m19_a1", "user_id": "saad181", "score": {"sample": {"0": {"execution_time": 0.11469268798828125, "passed": false}, "1": {"execution_time": 0.06781935691833496, "passed": false}, "2": {"execution_time": 0.06083846092224121, "passed": false}, "3": {"execution_time": 0.06682276725769043, "passed": false}, "4": {"execution_time": 0.06283140182495117, "passed": false}, "5": {"execution_time": 0.06082415580749512, "passed": false}, "6": {"execution_time": 0.06582856178283691, "passed": false}, "7": {"execution_time": 0.07181000709533691, "passed": false}, "8": {"execution_time": 0.06981158256530762, "passed": false}, "9": {"execution_time": 0.07280158996582031, "passed": false}, "10": {"execution_time": 0.06383347511291504, "passed": false}, "11": {"execution_time": 0.07878661155700684, "passed": false}, "12": {"execution_time": 0.06981348991394043, "passed": false}}}, "pylint_score": "-3/10"}