{"version": "1", "message": "ERROR: Hidden Testcases server unreachable.", "problem_id": "m19_a1", "user_id": "saad181", "score": {"sample": {"0": {"execution_time": 0.07014966011047363, "passed": false}, "1": {"execution_time": 0.06479144096374512, "passed": false}, "2": {"execution_time": 0.06775188446044922, "passed": false}, "3": {"execution_time": 0.07733988761901855, "passed": false}, "4": {"execution_time": 0.08407998085021973, "passed": false}, "5": {"execution_time": 0.07316470146179199, "passed": false}, "6": {"execution_time": 0.07660484313964844, "passed": false}, "7": {"execution_time": 0.08190703392028809, "passed": false}, "8": {"execution_time": 0.08109712600708008, "passed": false}, "9": {"execution_time": 0.08950614929199219, "passed": false}, "10": {"execution_time": 0.0691068172454834, "passed": false}, "11": {"execution_time": 0.09862279891967773, "passed": false}, "12": {"execution_time": 0.0680074691772461, "passed": false}}}, "pylint_score": "-4/10"}