{"version": "1", "message": "ERROR: Hidden Testcases server unreachable.", "problem_id": "m19_a1", "user_id": "saad181", "score": {"sample": {"0": {"execution_time": 0.4865245819091797, "passed": false}, "1": {"execution_time": 0.061832427978515625, "passed": false}, "2": {"execution_time": 0.07331371307373047, "passed": false}, "3": {"execution_time": 0.07231736183166504, "passed": false}, "4": {"execution_time": 0.07080769538879395, "passed": false}, "5": {"execution_time": 0.06482648849487305, "passed": false}, "6": {"execution_time": 0.0797891616821289, "passed": false}, "7": {"execution_time": 0.06781530380249023, "passed": false}, "8": {"execution_time": 0.06482529640197754, "passed": false}, "9": {"execution_time": 0.07280564308166504, "passed": false}, "10": {"execution_time": 0.05585074424743652, "passed": false}, "11": {"execution_time": 0.0578460693359375, "passed": false}, "12": {"execution_time": 0.06682109832763672, "passed": false}}}, "pylint_score": "-3/10"}