{"version": "1", "message": "ERROR: Hidden Testcases server unreachable.", "problem_id": "m19_a1", "user_id": "saad181", "score": {"sample": {"0": {"execution_time": 0.08801078796386719, "passed": false}, "1": {"execution_time": 0.06624627113342285, "passed": false}, "2": {"execution_time": 0.06222963333129883, "passed": false}, "3": {"execution_time": 0.06849074363708496, "passed": false}, "4": {"execution_time": 0.062050580978393555, "passed": false}, "5": {"execution_time": 0.07860660552978516, "passed": false}, "6": {"execution_time": 0.06762528419494629, "passed": false}, "7": {"execution_time": 0.06853699684143066, "passed": false}, "8": {"execution_time": 0.06522226333618164, "passed": false}, "9": {"execution_time": 0.06570649147033691, "passed": false}, "10": {"execution_time": 0.06968402862548828, "passed": false}, "11": {"execution_time": 0.06509661674499512, "passed": false}, "12": {"execution_time": 0.06902098655700684, "passed": false}}}, "pylint_score": "-3/10"}