{"version": "1", "message": "ERROR: Hidden Testcases server unreachable.", "problem_id": "m19_a1", "user_id": "saad181", "score": {"sample": {"0": {"execution_time": 0.043493032455444336, "passed": false}, "1": {"execution_time": 0.05196428298950195, "passed": false}, "2": {"execution_time": 0.10159015655517578, "passed": false}, "3": {"execution_time": 0.04637432098388672, "passed": false}, "4": {"execution_time": 0.044351816177368164, "passed": false}, "5": {"execution_time": 0.053324222564697266, "passed": false}, "6": {"execution_time": 0.07504916191101074, "passed": false}, "7": {"execution_time": 0.0433344841003418, "passed": false}, "8": {"execution_time": 0.045479536056518555, "passed": false}, "9": {"execution_time": 0.048853397369384766, "passed": false}, "10": {"execution_time": 0.043859004974365234, "passed": false}, "11": {"execution_time": 0.053560733795166016, "passed": false}, "12": {"execution_time": 0.04979848861694336, "passed": false}}}, "pylint_score": "-3/10"}