{"version": "1", "message": "ERROR: Hidden Testcases server unreachable.", "problem_id": "m19_a1", "user_id": "saad181", "score": {"sample": {"0": {"execution_time": 0.1249697208404541, "passed": false}, "1": {"execution_time": 0.04686236381530762, "passed": false}, "2": {"execution_time": 0.04686617851257324, "passed": false}, "3": {"execution_time": 0.06248354911804199, "passed": false}, "4": {"execution_time": 0.04686403274536133, "passed": false}, "5": {"execution_time": 0.031243085861206055, "passed": false}, "6": {"execution_time": 0.04686236381530762, "passed": false}, "7": {"execution_time": 0.046866655349731445, "passed": false}, "8": {"execution_time": 0.06248331069946289, "passed": false}, "9": {"execution_time": 0.046863555908203125, "passed": false}, "10": {"execution_time": 0.046864986419677734, "passed": false}, "11": {"execution_time": 0.031243085861206055, "passed": false}, "12": {"execution_time": 0.04686570167541504, "passed": false}}}, "pylint_score": "-3/10"}