{"version": "1", "message": "ERROR: Hidden Testcases server unreachable.", "problem_id": "m19_a1", "user_id": "saad181", "score": {"sample": {"0": {"execution_time": 0.12067937850952148, "passed": false}, "1": {"execution_time": 0.0548548698425293, "passed": false}, "2": {"execution_time": 0.06788277626037598, "passed": false}, "3": {"execution_time": 0.05485653877258301, "passed": false}, "4": {"execution_time": 0.06981253623962402, "passed": false}, "5": {"execution_time": 0.09226393699645996, "passed": false}, "6": {"execution_time": 0.06482720375061035, "passed": false}, "7": {"execution_time": 0.0718085765838623, "passed": false}, "8": {"execution_time": 0.07280564308166504, "passed": false}, "9": {"execution_time": 0.06283235549926758, "passed": false}, "10": {"execution_time": 0.06782293319702148, "passed": false}, "11": {"execution_time": 0.06881356239318848, "passed": false}, "12": {"execution_time": 0.05984067916870117, "passed": false}}}, "pylint_score": "-5/10"}