{"version": "1", "message": "ERROR: Hidden Testcases server unreachable.", "problem_id": "m19_a1", "user_id": "saad181", "score": {"sample": {"0": {"execution_time": 0.10714292526245117, "passed": false}, "1": {"execution_time": 0.1024022102355957, "passed": false}, "2": {"execution_time": 0.07596802711486816, "passed": false}, "3": {"execution_time": 0.07754087448120117, "passed": false}, "4": {"execution_time": 0.05474495887756348, "passed": false}, "5": {"execution_time": 0.06361746788024902, "passed": false}, "6": {"execution_time": 0.0588529109954834, "passed": false}, "7": {"execution_time": 0.043259620666503906, "passed": false}, "8": {"execution_time": 0.05470156669616699, "passed": false}, "9": {"execution_time": 0.046866655349731445, "passed": false}, "10": {"execution_time": 0.04738354682922363, "passed": false}, "11": {"execution_time": 0.045068979263305664, "passed": false}, "12": {"execution_time": 0.0453946590423584, "passed": false}}}, "pylint_score": "-5/10"}