{"version": "1", "message": "ERROR: Hidden Testcases server unreachable.", "problem_id": "m19_a1", "user_id": "saad181", "score": {"sample": {"0": {"execution_time": 0.07236242294311523, "passed": false}, "1": {"execution_time": 0.046132802963256836, "passed": false}, "2": {"execution_time": 0.09138321876525879, "passed": false}, "3": {"execution_time": 0.0563962459564209, "passed": false}, "4": {"execution_time": 0.04798316955566406, "passed": false}, "5": {"execution_time": 0.04328727722167969, "passed": false}, "6": {"execution_time": 0.04665517807006836, "passed": false}, "7": {"execution_time": 0.04676508903503418, "passed": false}, "8": {"execution_time": 0.05135011672973633, "passed": false}, "9": {"execution_time": 0.04638361930847168, "passed": false}, "10": {"execution_time": 0.04637575149536133, "passed": false}, "11": {"execution_time": 0.04591178894042969, "passed": false}, "12": {"execution_time": 0.04518532752990723, "passed": false}}}, "pylint_score": "-2/10"}