{"version": "1", "message": "ERROR: Hidden Testcases server unreachable.", "problem_id": "m19_a1", "user_id": "saad181", "score": {"sample": {"0": {"execution_time": 0.04951119422912598, "passed": false}, "1": {"execution_time": 0.05252718925476074, "passed": false}, "2": {"execution_time": 0.052084922790527344, "passed": false}, "3": {"execution_time": 0.047532081604003906, "passed": false}, "4": {"execution_time": 0.047730207443237305, "passed": false}, "5": {"execution_time": 0.04639005661010742, "passed": false}, "6": {"execution_time": 0.045146942138671875, "passed": false}, "7": {"execution_time": 0.04780697822570801, "passed": false}, "8": {"execution_time": 0.05144357681274414, "passed": false}, "9": {"execution_time": 0.048658132553100586, "passed": false}, "10": {"execution_time": 0.050353050231933594, "passed": false}, "11": {"execution_time": 0.0477597713470459, "passed": false}, "12": {"execution_time": 0.04185366630554199, "passed": false}}}, "pylint_score": "-3/10"}