{"version": "1", "message": "ERROR: Hidden Testcases server unreachable.", "problem_id": "m19_a1", "user_id": "saad181", "score": {"sample": {"0": {"execution_time": 0.06582522392272949, "passed": false}, "1": {"execution_time": 0.0608367919921875, "passed": false}, "2": {"execution_time": 0.0688178539276123, "passed": false}, "3": {"execution_time": 0.06083536148071289, "passed": false}, "4": {"execution_time": 0.05884122848510742, "passed": false}, "5": {"execution_time": 0.06183648109436035, "passed": false}, "6": {"execution_time": 0.06515741348266602, "passed": false}, "7": {"execution_time": 0.061840057373046875, "passed": false}, "8": {"execution_time": 0.06314754486083984, "passed": false}, "9": {"execution_time": 0.06282639503479004, "passed": false}, "10": {"execution_time": 0.06981325149536133, "passed": false}, "11": {"execution_time": 0.08178162574768066, "passed": false}, "12": {"execution_time": 0.08178162574768066, "passed": false}}}, "pylint_score": "-5/10"}