{"version": "1", "message": "ERROR: Hidden Testcases server unreachable.", "problem_id": "m19_a1", "user_id": "saad181", "score": {"sample": {"0": {"execution_time": 0.0698399543762207, "passed": false}, "1": {"execution_time": 0.05985379219055176, "passed": false}, "2": {"execution_time": 0.056845903396606445, "passed": false}, "3": {"execution_time": 0.06582331657409668, "passed": false}, "4": {"execution_time": 0.059839487075805664, "passed": false}, "5": {"execution_time": 0.08078289031982422, "passed": false}, "6": {"execution_time": 0.06681060791015625, "passed": false}, "7": {"execution_time": 0.0767967700958252, "passed": false}, "8": {"execution_time": 0.09075760841369629, "passed": false}, "9": {"execution_time": 0.06882953643798828, "passed": false}, "10": {"execution_time": 0.07380056381225586, "passed": false}, "11": {"execution_time": 0.07779264450073242, "passed": false}, "12": {"execution_time": 0.08178210258483887, "passed": false}}}, "pylint_score": "-3/10"}