{"version": "1", "message": "ERROR: Hidden Testcases server unreachable.", "problem_id": "cspp1_m10_a1_1", "user_id": "saad181", "score": {"sample": {"0": {"execution_time": 0.05128169059753418, "passed": true}, "1": {"execution_time": 0.04991912841796875, "passed": true}, "2": {"execution_time": 0.051517486572265625, "passed": true}, "3": {"execution_time": 0.049976348876953125, "passed": true}, "4": {"execution_time": 0.0510861873626709, "passed": true}, "5": {"execution_time": 0.05045199394226074, "passed": true}, "6": {"execution_time": 0.050009965896606445, "passed": true}, "7": {"execution_time": 0.04928398132324219, "passed": true}, "8": {"execution_time": 0.05401420593261719, "passed": true}, "9": {"execution_time": 0.05155658721923828, "passed": true}, "10": {"execution_time": 0.04867696762084961, "passed": true}, "11": {"execution_time": 0.051450490951538086, "passed": true}, "12": {"execution_time": 0.048915863037109375, "passed": true}, "13": {"execution_time": 0.060506343841552734, "passed": true}, "14": {"execution_time": 0.05075407028198242, "passed": true}, "15": {"execution_time": 0.24611830711364746, "passed": true}, "16": {"execution_time": 0.0524449348449707, "passed": true}, "17": {"execution_time": 0.05145549774169922, "passed": true}, "18": {"execution_time": 0.06301164627075195, "passed": true}, "19": {"execution_time": 0.05256938934326172, "passed": true}, "20": {"execution_time": 0.06926512718200684, "passed": true}, "21": {"execution_time": 0.0549616813659668, "passed": true}, "22": {"execution_time": 0.05788993835449219, "passed": true}, "23": {"execution_time": 0.05237388610839844, "passed": true}, "24": {"execution_time": 0.0519564151763916, "passed": true}}}, "pylint_score": "4/10"}