{"version": "1", "message": "ERROR: Hidden Testcases server unreachable.", "problem_id": "cspp1_m10_a1_1", "user_id": "saad181", "score": {"sample": {"0": {"execution_time": 0.09838008880615234, "passed": true}, "1": {"execution_time": 0.06753969192504883, "passed": false}, "2": {"execution_time": 0.13151001930236816, "passed": false}, "3": {"execution_time": 0.07541227340698242, "passed": false}, "4": {"execution_time": 0.08778691291809082, "passed": false}, "5": {"execution_time": 0.2505073547363281, "passed": false}, "6": {"execution_time": 0.20161962509155273, "passed": false}, "7": {"execution_time": 0.09620952606201172, "passed": false}, "8": {"execution_time": 0.18541359901428223, "passed": false}, "9": {"execution_time": 0.19191646575927734, "passed": false}, "10": {"execution_time": 0.18151450157165527, "passed": false}, "11": {"execution_time": 0.10780954360961914, "passed": false}, "12": {"execution_time": 0.19779157638549805, "passed": false}, "13": {"execution_time": 0.18113493919372559, "passed": false}, "14": {"execution_time": 0.11304640769958496, "passed": false}, "15": {"execution_time": 0.1521754264831543, "passed": false}, "16": {"execution_time": 0.1598663330078125, "passed": false}, "17": {"execution_time": 0.11083579063415527, "passed": false}, "18": {"execution_time": 0.12986278533935547, "passed": false}, "19": {"execution_time": 0.1373732089996338, "passed": false}, "20": {"execution_time": 0.14533710479736328, "passed": false}, "21": {"execution_time": 0.14760160446166992, "passed": false}, "22": {"execution_time": 0.10579562187194824, "passed": false}, "23": {"execution_time": 0.12327933311462402, "passed": false}, "24": {"execution_time": 0.1925489902496338, "passed": false}}}, "pylint_score": "-1/10"}