{"version": "1", "message": "ERROR: Hidden Testcases server unreachable.", "problem_id": "cspp1_m10_a1_1", "user_id": "saad181", "score": {"sample": {"0": {"execution_time": 0.05017518997192383, "passed": true}, "1": {"execution_time": 0.050577402114868164, "passed": true}, "2": {"execution_time": 0.05165982246398926, "passed": true}, "3": {"execution_time": 0.05013132095336914, "passed": true}, "4": {"execution_time": 0.04962778091430664, "passed": true}, "5": {"execution_time": 0.04937028884887695, "passed": true}, "6": {"execution_time": 0.05253791809082031, "passed": true}, "7": {"execution_time": 0.05051994323730469, "passed": true}, "8": {"execution_time": 0.05328559875488281, "passed": true}, "9": {"execution_time": 0.054477691650390625, "passed": true}, "10": {"execution_time": 0.1926569938659668, "passed": true}, "11": {"execution_time": 0.0515902042388916, "passed": true}, "12": {"execution_time": 0.0821065902709961, "passed": true}, "13": {"execution_time": 0.06117105484008789, "passed": true}, "14": {"execution_time": 0.05058097839355469, "passed": true}, "15": {"execution_time": 0.061695098876953125, "passed": true}, "16": {"execution_time": 0.052216529846191406, "passed": true}, "17": {"execution_time": 0.04949140548706055, "passed": true}, "18": {"execution_time": 0.047965288162231445, "passed": true}, "19": {"execution_time": 0.051305532455444336, "passed": true}, "20": {"execution_time": 0.04754638671875, "passed": true}, "21": {"execution_time": 0.04992485046386719, "passed": true}, "22": {"execution_time": 0.09343719482421875, "passed": true}, "23": {"execution_time": 0.06045675277709961, "passed": true}, "24": {"execution_time": 0.05292963981628418, "passed": true}}}, "pylint_score": "4/10"}