{"version": "1", "message": "ERROR: Hidden Testcases server unreachable.", "problem_id": "cspp1_m10_a1_1", "user_id": "saad181", "score": {"sample": {"0": {"execution_time": 0.09357643127441406, "passed": true}, "1": {"execution_time": 0.04897189140319824, "passed": false}, "2": {"execution_time": 0.05039358139038086, "passed": false}, "3": {"execution_time": 0.05011487007141113, "passed": false}, "4": {"execution_time": 0.04918527603149414, "passed": false}, "5": {"execution_time": 0.05839991569519043, "passed": false}, "6": {"execution_time": 0.050496816635131836, "passed": false}, "7": {"execution_time": 0.06627774238586426, "passed": false}, "8": {"execution_time": 0.05535578727722168, "passed": false}, "9": {"execution_time": 0.30190539360046387, "passed": false}, "10": {"execution_time": 0.14321231842041016, "passed": false}, "11": {"execution_time": 0.10557413101196289, "passed": false}, "12": {"execution_time": 0.060587406158447266, "passed": false}, "13": {"execution_time": 0.05593585968017578, "passed": false}, "14": {"execution_time": 0.048549652099609375, "passed": false}, "15": {"execution_time": 0.04946613311767578, "passed": false}, "16": {"execution_time": 0.04842686653137207, "passed": true}, "17": {"execution_time": 0.05341815948486328, "passed": true}, "18": {"execution_time": 0.04889631271362305, "passed": true}, "19": {"execution_time": 0.04908633232116699, "passed": false}, "20": {"execution_time": 0.049710988998413086, "passed": true}, "21": {"execution_time": 0.04950881004333496, "passed": false}, "22": {"execution_time": 0.049997568130493164, "passed": false}, "23": {"execution_time": 0.04911541938781738, "passed": false}, "24": {"execution_time": 0.04854154586791992, "passed": false}}}, "pylint_score": "-3/10"}