{"version": "1", "message": "ERROR: Hidden Testcases server unreachable.", "problem_id": "cspp1_m10_a1_1", "user_id": "saad181", "score": {"sample": {"0": {"execution_time": 0.13645505905151367, "passed": true}, "1": {"execution_time": 0.05940818786621094, "passed": false}, "2": {"execution_time": 0.05979347229003906, "passed": false}, "3": {"execution_time": 0.06038975715637207, "passed": false}, "4": {"execution_time": 0.05983424186706543, "passed": false}, "5": {"execution_time": 0.06090068817138672, "passed": false}, "6": {"execution_time": 0.059418678283691406, "passed": false}, "7": {"execution_time": 0.13768768310546875, "passed": false}, "8": {"execution_time": 0.30820441246032715, "passed": false}, "9": {"execution_time": 0.15945148468017578, "passed": false}, "10": {"execution_time": 0.14827418327331543, "passed": false}, "11": {"execution_time": 0.10078144073486328, "passed": false}, "12": {"execution_time": 0.09323525428771973, "passed": false}, "13": {"execution_time": 0.08951091766357422, "passed": false}, "14": {"execution_time": 0.09107470512390137, "passed": false}, "15": {"execution_time": 0.08631300926208496, "passed": false}, "16": {"execution_time": 0.04683995246887207, "passed": true}, "17": {"execution_time": 0.04604053497314453, "passed": true}, "18": {"execution_time": 0.04691576957702637, "passed": true}, "19": {"execution_time": 0.048211097717285156, "passed": false}, "20": {"execution_time": 0.04792380332946777, "passed": true}, "21": {"execution_time": 0.04795646667480469, "passed": false}, "22": {"execution_time": 0.04834723472595215, "passed": false}, "23": {"execution_time": 0.05560564994812012, "passed": false}, "24": {"execution_time": 0.04821205139160156, "passed": false}}}, "pylint_score": "-3/10"}