{"version": "1", "message": "ERROR: Hidden Testcases server unreachable.", "problem_id": "cspp1_m10_a1_1", "user_id": "saad181", "score": {"sample": {"0": {"execution_time": 0.05031776428222656, "passed": true}, "1": {"execution_time": 0.04892754554748535, "passed": true}, "2": {"execution_time": 0.04920458793640137, "passed": true}, "3": {"execution_time": 0.0483548641204834, "passed": true}, "4": {"execution_time": 0.04781794548034668, "passed": true}, "5": {"execution_time": 0.04995107650756836, "passed": true}, "6": {"execution_time": 0.0491330623626709, "passed": true}, "7": {"execution_time": 0.04896950721740723, "passed": true}, "8": {"execution_time": 0.0690004825592041, "passed": true}, "9": {"execution_time": 0.05298876762390137, "passed": true}, "10": {"execution_time": 0.07195639610290527, "passed": true}, "11": {"execution_time": 0.06600570678710938, "passed": true}, "12": {"execution_time": 0.05652928352355957, "passed": true}, "13": {"execution_time": 0.06718730926513672, "passed": true}, "14": {"execution_time": 0.08246612548828125, "passed": true}, "15": {"execution_time": 0.07590508460998535, "passed": true}, "16": {"execution_time": 0.051009178161621094, "passed": true}, "17": {"execution_time": 0.048844337463378906, "passed": true}, "18": {"execution_time": 0.048137664794921875, "passed": true}, "19": {"execution_time": 0.050514936447143555, "passed": true}, "20": {"execution_time": 0.04795408248901367, "passed": true}, "21": {"execution_time": 0.05069756507873535, "passed": true}, "22": {"execution_time": 0.05176210403442383, "passed": true}, "23": {"execution_time": 0.04873776435852051, "passed": true}, "24": {"execution_time": 0.050295352935791016, "passed": true}}}, "pylint_score": "4/10"}