{"version": "1", "message": "ERROR: Hidden Testcases server unreachable.", "problem_id": "cspp1_m10_a1_1", "user_id": "saad181", "score": {"sample": {"0": {"execution_time": 0.16271686553955078, "passed": true}, "1": {"execution_time": 0.14160728454589844, "passed": true}, "2": {"execution_time": 0.1304631233215332, "passed": false}, "3": {"execution_time": 0.1018369197845459, "passed": false}, "4": {"execution_time": 0.1751871109008789, "passed": false}, "5": {"execution_time": 0.13006258010864258, "passed": false}, "6": {"execution_time": 0.11570024490356445, "passed": false}, "7": {"execution_time": 0.08477497100830078, "passed": false}, "8": {"execution_time": 0.08518481254577637, "passed": false}, "9": {"execution_time": 0.14516258239746094, "passed": false}, "10": {"execution_time": 0.05839371681213379, "passed": false}, "11": {"execution_time": 0.04770302772521973, "passed": false}, "12": {"execution_time": 0.048165082931518555, "passed": false}, "13": {"execution_time": 0.0489499568939209, "passed": false}, "14": {"execution_time": 0.05480670928955078, "passed": false}, "15": {"execution_time": 0.05030322074890137, "passed": false}, "16": {"execution_time": 0.04967951774597168, "passed": true}, "17": {"execution_time": 0.050278425216674805, "passed": true}, "18": {"execution_time": 0.04751920700073242, "passed": true}, "19": {"execution_time": 0.051787614822387695, "passed": false}, "20": {"execution_time": 0.05045461654663086, "passed": true}, "21": {"execution_time": 0.0518035888671875, "passed": false}, "22": {"execution_time": 0.051642656326293945, "passed": false}, "23": {"execution_time": 0.05021810531616211, "passed": false}, "24": {"execution_time": 0.05104184150695801, "passed": false}}}, "pylint_score": "-3/10"}