{"version": "1", "message": "ERROR: Hidden Testcases server unreachable.", "problem_id": "cspp1_m10_a1_1", "user_id": "saad181", "score": {"sample": {"0": {"execution_time": 0.16954660415649414, "passed": true}, "1": {"execution_time": 0.10471606254577637, "passed": false}, "2": {"execution_time": 0.13663554191589355, "passed": false}, "3": {"execution_time": 0.08975934982299805, "passed": false}, "4": {"execution_time": 0.14261698722839355, "passed": false}, "5": {"execution_time": 0.10061001777648926, "passed": false}, "6": {"execution_time": 0.10722017288208008, "passed": false}, "7": {"execution_time": 0.10372328758239746, "passed": false}, "8": {"execution_time": 0.09140443801879883, "passed": false}, "9": {"execution_time": 0.09826469421386719, "passed": false}, "10": {"execution_time": 0.09726595878601074, "passed": false}, "11": {"execution_time": 0.08929061889648438, "passed": false}, "12": {"execution_time": 0.0893247127532959, "passed": false}, "13": {"execution_time": 0.10272908210754395, "passed": false}, "14": {"execution_time": 0.09574604034423828, "passed": false}, "15": {"execution_time": 0.11369061470031738, "passed": false}, "16": {"execution_time": 0.1077117919921875, "passed": false}, "17": {"execution_time": 0.11469221115112305, "passed": true}, "18": {"execution_time": 0.09874463081359863, "passed": false}, "19": {"execution_time": 0.09873247146606445, "passed": false}, "20": {"execution_time": 0.1127018928527832, "passed": true}, "21": {"execution_time": 0.09579348564147949, "passed": false}, "22": {"execution_time": 0.11369466781616211, "passed": false}, "23": {"execution_time": 0.10871028900146484, "passed": false}, "24": {"execution_time": 0.10422730445861816, "passed": false}}}, "pylint_score": "-3/10"}