{"version": "1", "message": "ERROR: Hidden Testcases server unreachable.", "problem_id": "cspp1_m10_a1_1", "user_id": "saad181", "score": {"sample": {"0": {"execution_time": 0.10521459579467773, "passed": true}, "1": {"execution_time": 0.06494140625, "passed": true}, "2": {"execution_time": 0.06294465065002441, "passed": false}, "3": {"execution_time": 0.06983304023742676, "passed": false}, "4": {"execution_time": 0.08090758323669434, "passed": false}, "5": {"execution_time": 0.06060194969177246, "passed": false}, "6": {"execution_time": 0.06511712074279785, "passed": false}, "7": {"execution_time": 0.0737764835357666, "passed": false}, "8": {"execution_time": 0.08104538917541504, "passed": false}, "9": {"execution_time": 0.4331090450286865, "passed": false}, "10": {"execution_time": 0.07590532302856445, "passed": false}, "11": {"execution_time": 0.10405135154724121, "passed": false}, "12": {"execution_time": 0.08740830421447754, "passed": false}, "13": {"execution_time": 0.0864553451538086, "passed": false}, "14": {"execution_time": 0.11301231384277344, "passed": false}, "15": {"execution_time": 0.0638730525970459, "passed": false}, "16": {"execution_time": 0.06675052642822266, "passed": true}, "17": {"execution_time": 0.062180519104003906, "passed": true}, "18": {"execution_time": 0.06932735443115234, "passed": true}, "19": {"execution_time": 0.07796955108642578, "passed": false}, "20": {"execution_time": 0.06472158432006836, "passed": true}, "21": {"execution_time": 0.06486392021179199, "passed": false}, "22": {"execution_time": 0.07218456268310547, "passed": false}, "23": {"execution_time": 0.06757879257202148, "passed": false}, "24": {"execution_time": 0.06781625747680664, "passed": false}}}, "pylint_score": "-3/10"}