{"version": "1", "message": "ERROR: Hidden Testcases server unreachable.", "problem_id": "cspp1_m10_a1_1", "user_id": "saad181", "score": {"sample": {"0": {"execution_time": 0.10648250579833984, "passed": false}, "1": {"execution_time": 0.06514382362365723, "passed": false}, "2": {"execution_time": 0.08591127395629883, "passed": false}, "3": {"execution_time": 0.24206137657165527, "passed": false}, "4": {"execution_time": 0.08336734771728516, "passed": false}, "5": {"execution_time": 0.1299116611480713, "passed": false}, "6": {"execution_time": 0.07964491844177246, "passed": false}, "7": {"execution_time": 0.09052610397338867, "passed": false}, "8": {"execution_time": 0.09277939796447754, "passed": false}, "9": {"execution_time": 0.08857846260070801, "passed": false}, "10": {"execution_time": 0.08345437049865723, "passed": false}, "11": {"execution_time": 0.08997821807861328, "passed": false}, "12": {"execution_time": 0.08769679069519043, "passed": false}, "13": {"execution_time": 0.08979153633117676, "passed": false}, "14": {"execution_time": 0.10029244422912598, "passed": false}, "15": {"execution_time": 0.12956523895263672, "passed": false}, "16": {"execution_time": 0.08608293533325195, "passed": false}, "17": {"execution_time": 0.09157848358154297, "passed": false}, "18": {"execution_time": 0.08352327346801758, "passed": false}, "19": {"execution_time": 0.08944249153137207, "passed": false}, "20": {"execution_time": 0.11985063552856445, "passed": false}, "21": {"execution_time": 0.12426328659057617, "passed": false}, "22": {"execution_time": 0.09502649307250977, "passed": false}, "23": {"execution_time": 0.13450956344604492, "passed": false}, "24": {"execution_time": 0.0921015739440918, "passed": false}}}, "pylint_score": "-1/10"}