{"version": "1", "message": "ERROR: Hidden Testcases server unreachable.", "problem_id": "cspp1_m10_a1_1", "user_id": "saad181", "score": {"sample": {"0": {"execution_time": 0.6684935092926025, "passed": false}, "1": {"execution_time": 0.04886651039123535, "passed": true}, "2": {"execution_time": 0.053856611251831055, "passed": true}, "3": {"execution_time": 0.05086636543273926, "passed": true}, "4": {"execution_time": 0.05086231231689453, "passed": true}, "5": {"execution_time": 0.05584979057312012, "passed": false}, "6": {"execution_time": 0.04488039016723633, "passed": true}, "7": {"execution_time": 0.04488062858581543, "passed": true}, "8": {"execution_time": 0.050864219665527344, "passed": true}, "9": {"execution_time": 0.046874284744262695, "passed": false}, "10": {"execution_time": 0.04488062858581543, "passed": true}, "11": {"execution_time": 0.04587745666503906, "passed": true}, "12": {"execution_time": 0.046926021575927734, "passed": true}, "13": {"execution_time": 0.049608707427978516, "passed": false}, "14": {"execution_time": 0.0468137264251709, "passed": false}, "15": {"execution_time": 0.047834157943725586, "passed": false}, "16": {"execution_time": 0.047295570373535156, "passed": false}, "17": {"execution_time": 0.04787254333496094, "passed": false}, "18": {"execution_time": 0.04712200164794922, "passed": false}, "19": {"execution_time": 0.04750847816467285, "passed": false}, "20": {"execution_time": 0.04744839668273926, "passed": false}, "21": {"execution_time": 0.04782867431640625, "passed": false}, "22": {"execution_time": 0.04854226112365723, "passed": false}, "23": {"execution_time": 0.047651052474975586, "passed": false}, "24": {"execution_time": 0.047728538513183594, "passed": false}}}, "pylint_score": "1/10"}