{"version": "1", "message": "ERROR: Hidden Testcases server unreachable.", "problem_id": "cspp1_m10_a1_1", "user_id": "saad181", "score": {"sample": {"0": {"execution_time": 0.14052677154541016, "passed": false}, "1": {"execution_time": 0.04686260223388672, "passed": false}, "2": {"execution_time": 0.04683184623718262, "passed": false}, "3": {"execution_time": 0.04689645767211914, "passed": false}, "4": {"execution_time": 0.04683423042297363, "passed": false}, "5": {"execution_time": 0.04689335823059082, "passed": false}, "6": {"execution_time": 0.04683566093444824, "passed": false}, "7": {"execution_time": 0.04689288139343262, "passed": false}, "8": {"execution_time": 0.046834707260131836, "passed": false}, "9": {"execution_time": 0.046892642974853516, "passed": false}, "10": {"execution_time": 0.04683542251586914, "passed": false}, "11": {"execution_time": 0.06248354911804199, "passed": false}, "12": {"execution_time": 0.04686260223388672, "passed": false}, "13": {"execution_time": 0.04686379432678223, "passed": false}, "14": {"execution_time": 0.04686713218688965, "passed": false}, "15": {"execution_time": 0.04852008819580078, "passed": false}, "16": {"execution_time": 0.03627181053161621, "passed": false}, "17": {"execution_time": 0.05589866638183594, "passed": false}, "18": {"execution_time": 0.046866655349731445, "passed": false}, "19": {"execution_time": 0.046861886978149414, "passed": false}, "20": {"execution_time": 0.046865224838256836, "passed": false}, "21": {"execution_time": 0.046866416931152344, "passed": false}, "22": {"execution_time": 0.046861886978149414, "passed": false}, "23": {"execution_time": 0.04686331748962402, "passed": false}, "24": {"execution_time": 0.04686546325683594, "passed": false}}}, "pylint_score": "-7/10"}