{"version": "1", "message": "ERROR: Hidden Testcases server unreachable.", "problem_id": "cspp1_m10_a1_1", "user_id": "saad181", "score": {"sample": {"0": {"execution_time": 0.08976030349731445, "passed": false}, "1": {"execution_time": 0.04917407035827637, "passed": false}, "2": {"execution_time": 0.04885506629943848, "passed": false}, "3": {"execution_time": 0.04787707328796387, "passed": false}, "4": {"execution_time": 0.05086874961853027, "passed": false}, "5": {"execution_time": 0.04837965965270996, "passed": false}, "6": {"execution_time": 0.0468752384185791, "passed": false}, "7": {"execution_time": 0.046875953674316406, "passed": false}, "8": {"execution_time": 0.047873497009277344, "passed": false}, "9": {"execution_time": 0.04787135124206543, "passed": false}, "10": {"execution_time": 0.04787111282348633, "passed": false}, "11": {"execution_time": 0.04787421226501465, "passed": false}, "12": {"execution_time": 0.054852962493896484, "passed": false}, "13": {"execution_time": 0.11967897415161133, "passed": false}, "14": {"execution_time": 0.05086541175842285, "passed": false}, "15": {"execution_time": 0.05385613441467285, "passed": false}, "16": {"execution_time": 0.06083250045776367, "passed": false}, "17": {"execution_time": 0.04887032508850098, "passed": false}, "18": {"execution_time": 0.07380199432373047, "passed": false}, "19": {"execution_time": 0.05086541175842285, "passed": false}, "20": {"execution_time": 0.05784416198730469, "passed": false}, "21": {"execution_time": 0.04886937141418457, "passed": false}, "22": {"execution_time": 0.047873497009277344, "passed": false}, "23": {"execution_time": 0.04687619209289551, "passed": false}, "24": {"execution_time": 0.04787302017211914, "passed": false}}}, "pylint_score": "0/0"}