{"version": "1", "message": "ERROR: Hidden Testcases server unreachable.", "problem_id": "cspp1_m10_a1_1", "user_id": "saad181", "score": {"sample": {"0": {"execution_time": 0.23015332221984863, "passed": true}, "1": {"execution_time": 0.15401172637939453, "passed": true}, "2": {"execution_time": 0.1067342758178711, "passed": false}, "3": {"execution_time": 0.11718487739562988, "passed": false}, "4": {"execution_time": 0.11858725547790527, "passed": false}, "5": {"execution_time": 0.19734835624694824, "passed": false}, "6": {"execution_time": 0.05663156509399414, "passed": false}, "7": {"execution_time": 0.07852911949157715, "passed": false}, "8": {"execution_time": 0.051991939544677734, "passed": false}, "9": {"execution_time": 0.06620001792907715, "passed": false}, "10": {"execution_time": 0.08706212043762207, "passed": false}, "11": {"execution_time": 0.050006866455078125, "passed": false}, "12": {"execution_time": 0.04933476448059082, "passed": false}, "13": {"execution_time": 0.05067873001098633, "passed": false}, "14": {"execution_time": 0.05131340026855469, "passed": false}, "15": {"execution_time": 0.051651954650878906, "passed": false}, "16": {"execution_time": 0.049875497817993164, "passed": true}, "17": {"execution_time": 0.0504765510559082, "passed": true}, "18": {"execution_time": 0.05176043510437012, "passed": true}, "19": {"execution_time": 0.0525054931640625, "passed": false}, "20": {"execution_time": 0.04953145980834961, "passed": true}, "21": {"execution_time": 0.051874399185180664, "passed": false}, "22": {"execution_time": 0.0518643856048584, "passed": false}, "23": {"execution_time": 0.052045583724975586, "passed": false}, "24": {"execution_time": 0.05102133750915527, "passed": false}}}, "pylint_score": "-3/10"}