{"version": "1", "message": "ERROR: Hidden Testcases server unreachable.", "problem_id": "cspp1_m10_a1_1", "user_id": "saad181", "score": {"sample": {"0": {"execution_time": 0.1296536922454834, "passed": true}, "1": {"execution_time": 0.09075784683227539, "passed": false}, "2": {"execution_time": 0.07579731941223145, "passed": false}, "3": {"execution_time": 0.10272622108459473, "passed": false}, "4": {"execution_time": 0.09425783157348633, "passed": false}, "5": {"execution_time": 0.07679629325866699, "passed": false}, "6": {"execution_time": 0.08971810340881348, "passed": false}, "7": {"execution_time": 0.13065171241760254, "passed": false}, "8": {"execution_time": 0.07678818702697754, "passed": false}, "9": {"execution_time": 0.10172796249389648, "passed": false}, "10": {"execution_time": 0.07280349731445312, "passed": false}, "11": {"execution_time": 0.07479476928710938, "passed": false}, "12": {"execution_time": 0.07779359817504883, "passed": false}, "13": {"execution_time": 0.07779073715209961, "passed": false}, "14": {"execution_time": 0.07776260375976562, "passed": false}, "15": {"execution_time": 0.07481026649475098, "passed": false}, "16": {"execution_time": 0.07878971099853516, "passed": false}, "17": {"execution_time": 0.07581424713134766, "passed": true}, "18": {"execution_time": 0.07680392265319824, "passed": false}, "19": {"execution_time": 0.07778000831604004, "passed": false}, "20": {"execution_time": 0.07679414749145508, "passed": true}, "21": {"execution_time": 0.07837033271789551, "passed": false}, "22": {"execution_time": 0.07379460334777832, "passed": false}, "23": {"execution_time": 0.08078861236572266, "passed": false}, "24": {"execution_time": 0.07579851150512695, "passed": false}}}, "pylint_score": "-3/10"}