{"version": "1", "message": "ERROR: Hidden Testcases server unreachable.", "problem_id": "cspp1_m10_a1_1", "user_id": "saad181", "score": {"sample": {"0": {"execution_time": 0.47043490409851074, "passed": true}, "1": {"execution_time": 0.08676719665527344, "passed": false}, "2": {"execution_time": 0.08985686302185059, "passed": false}, "3": {"execution_time": 0.07479524612426758, "passed": false}, "4": {"execution_time": 0.07779383659362793, "passed": false}, "5": {"execution_time": 0.08676910400390625, "passed": false}, "6": {"execution_time": 0.0767817497253418, "passed": false}, "7": {"execution_time": 0.08676552772521973, "passed": false}, "8": {"execution_time": 0.08876347541809082, "passed": false}, "9": {"execution_time": 0.07736635208129883, "passed": false}, "10": {"execution_time": 0.11368227005004883, "passed": false}, "11": {"execution_time": 0.07281064987182617, "passed": false}, "12": {"execution_time": 0.08178019523620605, "passed": false}, "13": {"execution_time": 0.08377766609191895, "passed": false}, "14": {"execution_time": 0.0797886848449707, "passed": false}, "15": {"execution_time": 0.07579755783081055, "passed": false}, "16": {"execution_time": 0.07894253730773926, "passed": false}, "17": {"execution_time": 0.07579755783081055, "passed": true}, "18": {"execution_time": 0.0763862133026123, "passed": false}, "19": {"execution_time": 0.07878232002258301, "passed": false}, "20": {"execution_time": 0.07779264450073242, "passed": true}, "21": {"execution_time": 0.07679462432861328, "passed": false}, "22": {"execution_time": 0.07679462432861328, "passed": false}, "23": {"execution_time": 0.07679533958435059, "passed": false}, "24": {"execution_time": 0.07879137992858887, "passed": false}}}, "pylint_score": "-4/10"}