{"version": "1", "message": "ERROR: Hidden Testcases server unreachable.", "problem_id": "cspp1_m10_a1_1", "user_id": "saad181", "score": {"sample": {"0": {"execution_time": 0.3299851417541504, "passed": false}, "1": {"execution_time": 0.04803872108459473, "passed": true}, "2": {"execution_time": 0.047867536544799805, "passed": true}, "3": {"execution_time": 0.050864458084106445, "passed": true}, "4": {"execution_time": 0.04887723922729492, "passed": true}, "5": {"execution_time": 0.0513300895690918, "passed": false}, "6": {"execution_time": 0.04849648475646973, "passed": true}, "7": {"execution_time": 0.046874284744262695, "passed": true}, "8": {"execution_time": 0.04787778854370117, "passed": true}, "9": {"execution_time": 0.04893755912780762, "passed": false}, "10": {"execution_time": 0.04836869239807129, "passed": true}, "11": {"execution_time": 0.048879146575927734, "passed": true}, "12": {"execution_time": 0.04886364936828613, "passed": true}, "13": {"execution_time": 0.04826045036315918, "passed": false}, "14": {"execution_time": 0.05055642127990723, "passed": false}, "15": {"execution_time": 0.04700422286987305, "passed": false}, "16": {"execution_time": 0.049896240234375, "passed": false}, "17": {"execution_time": 0.049330949783325195, "passed": false}, "18": {"execution_time": 0.04787850379943848, "passed": false}, "19": {"execution_time": 0.04714488983154297, "passed": false}, "20": {"execution_time": 0.04786968231201172, "passed": false}, "21": {"execution_time": 0.0578465461730957, "passed": false}, "22": {"execution_time": 0.048866987228393555, "passed": false}, "23": {"execution_time": 0.04885458946228027, "passed": false}, "24": {"execution_time": 0.049095869064331055, "passed": false}}}, "pylint_score": "3/10"}