{"version": "1", "message": "ERROR: Hidden Testcases server unreachable.", "problem_id": "cspp1_m10_a1_1", "user_id": "saad181", "score": {"sample": {"0": {"execution_time": 0.11353659629821777, "passed": false}, "1": {"execution_time": 0.04683375358581543, "passed": true}, "2": {"execution_time": 0.04689645767211914, "passed": true}, "3": {"execution_time": 0.04683685302734375, "passed": true}, "4": {"execution_time": 0.0468900203704834, "passed": true}, "5": {"execution_time": 0.04683518409729004, "passed": false}, "6": {"execution_time": 0.04686260223388672, "passed": true}, "7": {"execution_time": 0.046865224838256836, "passed": true}, "8": {"execution_time": 0.046892404556274414, "passed": true}, "9": {"execution_time": 0.04684638977050781, "passed": false}, "10": {"execution_time": 0.04685235023498535, "passed": true}, "11": {"execution_time": 0.04686260223388672, "passed": true}, "12": {"execution_time": 0.046863555908203125, "passed": true}, "13": {"execution_time": 0.04686450958251953, "passed": false}, "14": {"execution_time": 0.04689526557922363, "passed": false}, "15": {"execution_time": 0.046835899353027344, "passed": false}, "16": {"execution_time": 0.04689311981201172, "passed": false}, "17": {"execution_time": 0.046837806701660156, "passed": false}, "18": {"execution_time": 0.0468897819519043, "passed": false}, "19": {"execution_time": 0.048719167709350586, "passed": false}, "20": {"execution_time": 0.043599843978881836, "passed": false}, "21": {"execution_time": 0.046835899353027344, "passed": false}, "22": {"execution_time": 0.04689359664916992, "passed": false}, "23": {"execution_time": 0.04683494567871094, "passed": false}, "24": {"execution_time": 0.046860456466674805, "passed": false}}}, "pylint_score": "3/10"}