{"version": "1", "message": "ERROR: Hidden Testcases server unreachable.", "problem_id": "cspp1_m10_a1_1", "user_id": "saad181", "score": {"sample": {"0": {"execution_time": 0.09372258186340332, "passed": false}, "1": {"execution_time": 0.06248164176940918, "passed": true}, "2": {"execution_time": 0.04686474800109863, "passed": true}, "3": {"execution_time": 0.04689526557922363, "passed": true}, "4": {"execution_time": 0.04683232307434082, "passed": true}, "5": {"execution_time": 0.04686450958251953, "passed": false}, "6": {"execution_time": 0.04689455032348633, "passed": true}, "7": {"execution_time": 0.04686284065246582, "passed": true}, "8": {"execution_time": 0.04683518409729004, "passed": true}, "9": {"execution_time": 0.046863555908203125, "passed": false}, "10": {"execution_time": 0.03212881088256836, "passed": true}, "11": {"execution_time": 0.04236721992492676, "passed": true}, "12": {"execution_time": 0.04686474800109863, "passed": true}, "13": {"execution_time": 0.04686260223388672, "passed": false}, "14": {"execution_time": 0.046833038330078125, "passed": false}, "15": {"execution_time": 0.046892404556274414, "passed": false}, "16": {"execution_time": 0.046836137771606445, "passed": false}, "17": {"execution_time": 0.046860694885253906, "passed": false}, "18": {"execution_time": 0.046866416931152344, "passed": false}, "19": {"execution_time": 0.046897172927856445, "passed": false}, "20": {"execution_time": 0.04683065414428711, "passed": false}, "21": {"execution_time": 0.04689311981201172, "passed": false}, "22": {"execution_time": 0.0624537467956543, "passed": false}, "23": {"execution_time": 0.04686760902404785, "passed": false}, "24": {"execution_time": 0.031241655349731445, "passed": false}}}, "pylint_score": "4/10"}