{"version": "1", "message": "ERROR: Hidden Testcases server unreachable.", "problem_id": "cspp1_m10_a1_1", "user_id": "saad181", "score": {"sample": {"0": {"execution_time": 0.16465163230895996, "passed": true}, "1": {"execution_time": 0.12371468544006348, "passed": true}, "2": {"execution_time": 0.1013479232788086, "passed": true}, "3": {"execution_time": 0.06253552436828613, "passed": true}, "4": {"execution_time": 0.06775665283203125, "passed": true}, "5": {"execution_time": 0.06194257736206055, "passed": true}, "6": {"execution_time": 0.07007217407226562, "passed": true}, "7": {"execution_time": 0.06384944915771484, "passed": true}, "8": {"execution_time": 0.07589864730834961, "passed": true}, "9": {"execution_time": 0.050271034240722656, "passed": true}, "10": {"execution_time": 0.05605196952819824, "passed": true}, "11": {"execution_time": 0.13559699058532715, "passed": true}, "12": {"execution_time": 0.09057211875915527, "passed": true}, "13": {"execution_time": 0.09420633316040039, "passed": true}, "14": {"execution_time": 0.09004712104797363, "passed": true}, "15": {"execution_time": 0.10592484474182129, "passed": true}, "16": {"execution_time": 0.09369874000549316, "passed": true}, "17": {"execution_time": 0.09030604362487793, "passed": true}, "18": {"execution_time": 0.09158515930175781, "passed": true}, "19": {"execution_time": 0.09365487098693848, "passed": true}, "20": {"execution_time": 0.08952927589416504, "passed": true}, "21": {"execution_time": 0.09398674964904785, "passed": true}, "22": {"execution_time": 0.06021881103515625, "passed": true}, "23": {"execution_time": 0.059661149978637695, "passed": true}, "24": {"execution_time": 0.058090925216674805, "passed": true}}}, "pylint_score": "4/10"}