{"version": "1", "message": "ERROR: Hidden Testcases server unreachable.", "problem_id": "cspp1_m10_a1_1", "user_id": "saad181", "score": {"sample": {"0": {"execution_time": 0.07203316688537598, "passed": true}, "1": {"execution_time": 0.07206439971923828, "passed": true}, "2": {"execution_time": 0.0738520622253418, "passed": true}, "3": {"execution_time": 0.07087206840515137, "passed": true}, "4": {"execution_time": 0.07371401786804199, "passed": true}, "5": {"execution_time": 0.07117271423339844, "passed": true}, "6": {"execution_time": 0.16745615005493164, "passed": true}, "7": {"execution_time": 0.07211160659790039, "passed": true}, "8": {"execution_time": 0.2625997066497803, "passed": true}, "9": {"execution_time": 0.0990910530090332, "passed": true}, "10": {"execution_time": 0.07861948013305664, "passed": true}, "11": {"execution_time": 0.05546140670776367, "passed": true}, "12": {"execution_time": 0.054173946380615234, "passed": true}, "13": {"execution_time": 0.04990220069885254, "passed": true}, "14": {"execution_time": 0.04795122146606445, "passed": true}, "15": {"execution_time": 0.05111193656921387, "passed": true}, "16": {"execution_time": 0.04904007911682129, "passed": true}, "17": {"execution_time": 0.04963493347167969, "passed": true}, "18": {"execution_time": 0.049982547760009766, "passed": true}, "19": {"execution_time": 0.05142569541931152, "passed": true}, "20": {"execution_time": 0.04904031753540039, "passed": true}, "21": {"execution_time": 0.05067849159240723, "passed": true}, "22": {"execution_time": 0.050980329513549805, "passed": true}, "23": {"execution_time": 0.04949665069580078, "passed": true}, "24": {"execution_time": 0.05014967918395996, "passed": true}}}, "pylint_score": "4/10"}