{"version": "1", "message": "ERROR: Hidden Testcases server unreachable.", "problem_id": "cspp1_m10_a1_1", "user_id": "saad181", "score": {"sample": {"0": {"execution_time": 0.09719085693359375, "passed": true}, "1": {"execution_time": 0.09792041778564453, "passed": true}, "2": {"execution_time": 0.09149312973022461, "passed": true}, "3": {"execution_time": 0.0691382884979248, "passed": true}, "4": {"execution_time": 0.1931142807006836, "passed": true}, "5": {"execution_time": 0.09886455535888672, "passed": true}, "6": {"execution_time": 0.07156848907470703, "passed": true}, "7": {"execution_time": 0.07070350646972656, "passed": true}, "8": {"execution_time": 0.05232715606689453, "passed": true}, "9": {"execution_time": 0.06800413131713867, "passed": true}, "10": {"execution_time": 0.05393242835998535, "passed": true}, "11": {"execution_time": 0.050275564193725586, "passed": true}, "12": {"execution_time": 0.04993557929992676, "passed": true}, "13": {"execution_time": 0.04949331283569336, "passed": true}, "14": {"execution_time": 0.05044984817504883, "passed": true}, "15": {"execution_time": 0.05151176452636719, "passed": true}, "16": {"execution_time": 0.04969072341918945, "passed": true}, "17": {"execution_time": 0.04931473731994629, "passed": true}, "18": {"execution_time": 0.04955124855041504, "passed": true}, "19": {"execution_time": 0.05236983299255371, "passed": true}, "20": {"execution_time": 0.04886198043823242, "passed": true}, "21": {"execution_time": 0.05062127113342285, "passed": true}, "22": {"execution_time": 0.051993370056152344, "passed": true}, "23": {"execution_time": 0.05091261863708496, "passed": true}, "24": {"execution_time": 0.049950599670410156, "passed": true}}}, "pylint_score": "4/10"}