{"version": "1", "message": "ERROR: Hidden Testcases server unreachable.", "problem_id": "cspp1_m10_a1_1", "user_id": "saad181", "score": {"sample": {"0": {"execution_time": 0.14261984825134277, "passed": false}, "1": {"execution_time": 0.13268184661865234, "passed": false}, "2": {"execution_time": 0.09873652458190918, "passed": false}, "3": {"execution_time": 0.0997316837310791, "passed": false}, "4": {"execution_time": 0.07677698135375977, "passed": false}, "5": {"execution_time": 0.07684326171875, "passed": false}, "6": {"execution_time": 0.07878971099853516, "passed": false}, "7": {"execution_time": 0.07887148857116699, "passed": false}, "8": {"execution_time": 0.08627915382385254, "passed": false}, "9": {"execution_time": 0.14361929893493652, "passed": false}, "10": {"execution_time": 0.07579898834228516, "passed": false}, "11": {"execution_time": 0.07580685615539551, "passed": false}, "12": {"execution_time": 0.07878804206848145, "passed": false}, "13": {"execution_time": 0.07578516006469727, "passed": false}, "14": {"execution_time": 0.07679629325866699, "passed": false}, "15": {"execution_time": 0.07579684257507324, "passed": false}, "16": {"execution_time": 0.07878923416137695, "passed": false}, "17": {"execution_time": 0.07380294799804688, "passed": false}, "18": {"execution_time": 0.08078622817993164, "passed": false}, "19": {"execution_time": 0.07680058479309082, "passed": false}, "20": {"execution_time": 0.07770347595214844, "passed": false}, "21": {"execution_time": 0.07779335975646973, "passed": false}, "22": {"execution_time": 0.07679533958435059, "passed": false}, "23": {"execution_time": 0.07581543922424316, "passed": false}, "24": {"execution_time": 0.07942080497741699, "passed": false}}}, "pylint_score": "-5/10"}