{"version": "1", "message": "ERROR: Hidden Testcases server unreachable.", "problem_id": "cspp1_m10_a1_1", "user_id": "saad181", "score": {"sample": {"0": {"execution_time": 0.4596829414367676, "passed": true}, "1": {"execution_time": 0.07840490341186523, "passed": false}, "2": {"execution_time": 0.11181974411010742, "passed": false}, "3": {"execution_time": 0.15054941177368164, "passed": false}, "4": {"execution_time": 0.08536529541015625, "passed": false}, "5": {"execution_time": 0.2213730812072754, "passed": false}, "6": {"execution_time": 0.24699139595031738, "passed": false}, "7": {"execution_time": 0.16628742218017578, "passed": false}, "8": {"execution_time": 0.1603381633758545, "passed": false}, "9": {"execution_time": 0.21658825874328613, "passed": false}, "10": {"execution_time": 0.2613837718963623, "passed": false}, "11": {"execution_time": 0.2540466785430908, "passed": false}, "12": {"execution_time": 0.22895479202270508, "passed": false}, "13": {"execution_time": 0.10581541061401367, "passed": false}, "14": {"execution_time": 0.0839536190032959, "passed": false}, "15": {"execution_time": 0.12433218955993652, "passed": false}, "16": {"execution_time": 0.14211153984069824, "passed": false}, "17": {"execution_time": 0.09494996070861816, "passed": false}, "18": {"execution_time": 0.08846759796142578, "passed": false}, "19": {"execution_time": 0.21439337730407715, "passed": false}, "20": {"execution_time": 0.25408101081848145, "passed": false}, "21": {"execution_time": 0.24817585945129395, "passed": false}, "22": {"execution_time": 0.2882866859436035, "passed": false}, "23": {"execution_time": 0.14297842979431152, "passed": false}, "24": {"execution_time": 0.08036684989929199, "passed": false}}}, "pylint_score": "-2/10"}