{"version": "1", "message": "ERROR: Hidden Testcases server unreachable.", "problem_id": "cspp1_m10_a1_1", "user_id": "saad181", "score": {"sample": {"0": {"execution_time": 0.43738889694213867, "passed": false}, "1": {"execution_time": 0.049097537994384766, "passed": true}, "2": {"execution_time": 0.05112648010253906, "passed": true}, "3": {"execution_time": 0.03830599784851074, "passed": true}, "4": {"execution_time": 0.04689455032348633, "passed": true}, "5": {"execution_time": 0.031243085861206055, "passed": false}, "6": {"execution_time": 0.04686427116394043, "passed": true}, "7": {"execution_time": 0.031243085861206055, "passed": true}, "8": {"execution_time": 0.0624845027923584, "passed": true}, "9": {"execution_time": 0.04689455032348633, "passed": false}, "10": {"execution_time": 0.04686379432678223, "passed": true}, "11": {"execution_time": 0.04683375358581543, "passed": true}, "12": {"execution_time": 0.04686999320983887, "passed": true}, "13": {"execution_time": 0.046857357025146484, "passed": false}, "14": {"execution_time": 0.04686379432678223, "passed": false}, "15": {"execution_time": 0.04686403274536133, "passed": false}, "16": {"execution_time": 0.04686427116394043, "passed": false}, "17": {"execution_time": 0.049498796463012695, "passed": false}, "18": {"execution_time": 0.046864986419677734, "passed": false}, "19": {"execution_time": 0.04686141014099121, "passed": false}, "20": {"execution_time": 0.046896934509277344, "passed": false}, "21": {"execution_time": 0.04683089256286621, "passed": false}, "22": {"execution_time": 0.05958819389343262, "passed": false}, "23": {"execution_time": 0.04755544662475586, "passed": false}, "24": {"execution_time": 0.04686570167541504, "passed": false}}}, "pylint_score": "4/10"}