{"version": "1", "message": "ERROR: Hidden Testcases server unreachable.", "problem_id": "cspp1_m10_a1_1", "user_id": "saad181", "score": {"sample": {"0": {"execution_time": 0.10172629356384277, "passed": false}, "1": {"execution_time": 0.07491898536682129, "passed": false}, "2": {"execution_time": 0.08379364013671875, "passed": false}, "3": {"execution_time": 0.0703585147857666, "passed": false}, "4": {"execution_time": 0.09393978118896484, "passed": false}, "5": {"execution_time": 0.12865495681762695, "passed": false}, "6": {"execution_time": 0.517634391784668, "passed": false}, "7": {"execution_time": 0.08178019523620605, "passed": false}, "8": {"execution_time": 0.08576798439025879, "passed": false}, "9": {"execution_time": 0.07878732681274414, "passed": false}, "10": {"execution_time": 0.07480072975158691, "passed": false}, "11": {"execution_time": 0.0747990608215332, "passed": false}, "12": {"execution_time": 0.07579684257507324, "passed": false}, "13": {"execution_time": 0.07678985595703125, "passed": false}, "14": {"execution_time": 0.08280324935913086, "passed": false}, "15": {"execution_time": 0.07530665397644043, "passed": false}, "16": {"execution_time": 0.08477568626403809, "passed": false}, "17": {"execution_time": 0.07679581642150879, "passed": false}, "18": {"execution_time": 0.10970544815063477, "passed": false}, "19": {"execution_time": 0.1156916618347168, "passed": false}, "20": {"execution_time": 0.0828087329864502, "passed": false}, "21": {"execution_time": 0.06682181358337402, "passed": false}, "22": {"execution_time": 0.08577227592468262, "passed": false}, "23": {"execution_time": 0.06782007217407227, "passed": false}, "24": {"execution_time": 0.08776211738586426, "passed": false}}}, "pylint_score": "-5/10"}