{"version": "1", "message": "ERROR: Hidden Testcases server unreachable.", "problem_id": "cspp1_m10_a1_1", "user_id": "saad181", "score": {"sample": {"0": {"execution_time": 0.09585332870483398, "passed": false}, "1": {"execution_time": 0.0624849796295166, "passed": false}, "2": {"execution_time": 0.03124547004699707, "passed": false}, "3": {"execution_time": 0.04686141014099121, "passed": false}, "4": {"execution_time": 0.04689526557922363, "passed": false}, "5": {"execution_time": 0.04683232307434082, "passed": false}, "6": {"execution_time": 0.04689598083496094, "passed": false}, "7": {"execution_time": 0.04683232307434082, "passed": false}, "8": {"execution_time": 0.046866416931152344, "passed": false}, "9": {"execution_time": 0.04686427116394043, "passed": false}, "10": {"execution_time": 0.04689502716064453, "passed": false}, "11": {"execution_time": 0.04683279991149902, "passed": false}, "12": {"execution_time": 0.04686164855957031, "passed": false}, "13": {"execution_time": 0.046863555908203125, "passed": false}, "14": {"execution_time": 0.04689645767211914, "passed": false}, "15": {"execution_time": 0.046865224838256836, "passed": false}, "16": {"execution_time": 0.04683327674865723, "passed": false}, "17": {"execution_time": 0.04686141014099121, "passed": false}, "18": {"execution_time": 0.05102825164794922, "passed": false}, "19": {"execution_time": 0.04763531684875488, "passed": false}, "20": {"execution_time": 0.04193878173828125, "passed": false}, "21": {"execution_time": 0.04683971405029297, "passed": false}, "22": {"execution_time": 0.04685807228088379, "passed": false}, "23": {"execution_time": 0.04686594009399414, "passed": false}, "24": {"execution_time": 0.04689192771911621, "passed": false}}}, "pylint_score": "3/10"}