{"version": "1", "message": "ERROR: Hidden Testcases server unreachable.", "problem_id": "cspp1_m10_a1_1", "user_id": "saad181", "score": {"sample": {"0": {"execution_time": 0.0625009536743164, "passed": false}, "1": {"execution_time": 0.046851158142089844, "passed": false}, "2": {"execution_time": 0.04686236381530762, "passed": false}, "3": {"execution_time": 0.04686594009399414, "passed": false}, "4": {"execution_time": 0.04686689376831055, "passed": false}, "5": {"execution_time": 0.0468602180480957, "passed": false}, "6": {"execution_time": 0.046863555908203125, "passed": false}, "7": {"execution_time": 0.04686450958251953, "passed": false}, "8": {"execution_time": 0.053931474685668945, "passed": false}, "9": {"execution_time": 0.04712867736816406, "passed": false}, "10": {"execution_time": 0.048959970474243164, "passed": false}, "11": {"execution_time": 0.04686617851257324, "passed": false}, "12": {"execution_time": 0.04686427116394043, "passed": false}, "13": {"execution_time": 0.046863555908203125, "passed": false}, "14": {"execution_time": 0.062484025955200195, "passed": false}, "15": {"execution_time": 0.04686307907104492, "passed": false}, "16": {"execution_time": 0.04686427116394043, "passed": false}, "17": {"execution_time": 0.04686331748962402, "passed": false}, "18": {"execution_time": 0.046866416931152344, "passed": false}, "19": {"execution_time": 0.04686284065246582, "passed": false}, "20": {"execution_time": 0.04686284065246582, "passed": false}, "21": {"execution_time": 0.06251716613769531, "passed": false}, "22": {"execution_time": 0.046843767166137695, "passed": false}, "23": {"execution_time": 0.0468902587890625, "passed": false}, "24": {"execution_time": 0.0468287467956543, "passed": false}}}, "pylint_score": "-7/10"}