{"version": "1", "message": "ERROR: Hidden Testcases server unreachable.", "problem_id": "cspp1_m10_a1_1", "user_id": "saad181", "score": {"sample": {"0": {"execution_time": 0.06219315528869629, "passed": true}, "1": {"execution_time": 0.0506739616394043, "passed": true}, "2": {"execution_time": 0.049768686294555664, "passed": true}, "3": {"execution_time": 0.05438876152038574, "passed": true}, "4": {"execution_time": 0.19140172004699707, "passed": true}, "5": {"execution_time": 0.0640566349029541, "passed": true}, "6": {"execution_time": 0.08143949508666992, "passed": true}, "7": {"execution_time": 0.09736776351928711, "passed": true}, "8": {"execution_time": 0.05918073654174805, "passed": true}, "9": {"execution_time": 0.06985759735107422, "passed": true}, "10": {"execution_time": 0.05604982376098633, "passed": true}, "11": {"execution_time": 0.054361820220947266, "passed": true}, "12": {"execution_time": 0.04859018325805664, "passed": true}, "13": {"execution_time": 0.049488067626953125, "passed": true}, "14": {"execution_time": 0.05059075355529785, "passed": true}, "15": {"execution_time": 0.048711538314819336, "passed": true}, "16": {"execution_time": 0.05122017860412598, "passed": true}, "17": {"execution_time": 0.04859447479248047, "passed": true}, "18": {"execution_time": 0.04691791534423828, "passed": true}, "19": {"execution_time": 0.05098533630371094, "passed": true}, "20": {"execution_time": 0.04722929000854492, "passed": true}, "21": {"execution_time": 0.049839019775390625, "passed": true}, "22": {"execution_time": 0.050330400466918945, "passed": true}, "23": {"execution_time": 0.0523076057434082, "passed": true}, "24": {"execution_time": 0.053794145584106445, "passed": true}}}, "pylint_score": "4/10"}