{"version": "1", "message": "ERROR: Hidden Testcases server unreachable.", "problem_id": "cspp1_m10_a1_1", "user_id": "saad181", "score": {"sample": {"0": {"execution_time": 0.10011768341064453, "passed": true}, "1": {"execution_time": 0.06630516052246094, "passed": false}, "2": {"execution_time": 0.06784915924072266, "passed": false}, "3": {"execution_time": 0.2984766960144043, "passed": false}, "4": {"execution_time": 0.26775550842285156, "passed": false}, "5": {"execution_time": 0.1950075626373291, "passed": false}, "6": {"execution_time": 0.06653714179992676, "passed": false}, "7": {"execution_time": 0.11988186836242676, "passed": false}, "8": {"execution_time": 0.08112645149230957, "passed": false}, "9": {"execution_time": 0.06760907173156738, "passed": false}, "10": {"execution_time": 0.12426066398620605, "passed": false}, "11": {"execution_time": 0.25545644760131836, "passed": false}, "12": {"execution_time": 0.08857512474060059, "passed": false}, "13": {"execution_time": 0.06989192962646484, "passed": false}, "14": {"execution_time": 0.12947750091552734, "passed": false}, "15": {"execution_time": 0.09140515327453613, "passed": false}, "16": {"execution_time": 0.06328630447387695, "passed": false}, "17": {"execution_time": 0.06428766250610352, "passed": false}, "18": {"execution_time": 0.06218290328979492, "passed": false}, "19": {"execution_time": 0.11538338661193848, "passed": false}, "20": {"execution_time": 0.1013636589050293, "passed": false}, "21": {"execution_time": 0.11790227890014648, "passed": false}, "22": {"execution_time": 0.09015226364135742, "passed": false}, "23": {"execution_time": 0.09651875495910645, "passed": false}, "24": {"execution_time": 0.10083866119384766, "passed": false}}}, "pylint_score": "2/10"}