{"version": "1", "message": "ERROR: Hidden Testcases server unreachable.", "problem_id": "cspp1_m10_a1_1", "user_id": "saad181", "score": {"sample": {"0": {"execution_time": 0.11745119094848633, "passed": true}, "1": {"execution_time": 0.40250110626220703, "passed": false}, "2": {"execution_time": 0.09708833694458008, "passed": false}, "3": {"execution_time": 0.0800790786743164, "passed": false}, "4": {"execution_time": 0.08655095100402832, "passed": false}, "5": {"execution_time": 0.08712434768676758, "passed": false}, "6": {"execution_time": 0.0959787368774414, "passed": false}, "7": {"execution_time": 0.1029653549194336, "passed": false}, "8": {"execution_time": 0.09352302551269531, "passed": false}, "9": {"execution_time": 0.10384941101074219, "passed": false}, "10": {"execution_time": 0.09137463569641113, "passed": false}, "11": {"execution_time": 0.16264009475708008, "passed": false}, "12": {"execution_time": 0.09449291229248047, "passed": false}, "13": {"execution_time": 0.09767937660217285, "passed": false}, "14": {"execution_time": 0.12455439567565918, "passed": false}, "15": {"execution_time": 0.08430838584899902, "passed": false}, "16": {"execution_time": 0.1428225040435791, "passed": false}, "17": {"execution_time": 0.11893701553344727, "passed": false}, "18": {"execution_time": 0.10082054138183594, "passed": false}, "19": {"execution_time": 0.10558676719665527, "passed": false}, "20": {"execution_time": 0.11883234977722168, "passed": false}, "21": {"execution_time": 0.14834046363830566, "passed": false}, "22": {"execution_time": 0.15366816520690918, "passed": false}, "23": {"execution_time": 0.142991304397583, "passed": false}, "24": {"execution_time": 0.1509380340576172, "passed": false}}}, "pylint_score": "-1/10"}