{"version": "1", "message": "ERROR: Hidden Testcases server unreachable.", "problem_id": "cspp1_m10_a1_1", "user_id": "saad181", "score": {"sample": {"0": {"execution_time": 0.187302827835083, "passed": true}, "1": {"execution_time": 0.13056516647338867, "passed": false}, "2": {"execution_time": 0.08896231651306152, "passed": false}, "3": {"execution_time": 0.08844256401062012, "passed": false}, "4": {"execution_time": 0.05456995964050293, "passed": false}, "5": {"execution_time": 0.050919294357299805, "passed": false}, "6": {"execution_time": 0.08631253242492676, "passed": false}, "7": {"execution_time": 0.21976542472839355, "passed": false}, "8": {"execution_time": 0.07208132743835449, "passed": false}, "9": {"execution_time": 0.07273006439208984, "passed": false}, "10": {"execution_time": 0.11430072784423828, "passed": false}, "11": {"execution_time": 0.09387588500976562, "passed": false}, "12": {"execution_time": 0.06438636779785156, "passed": false}, "13": {"execution_time": 0.05191802978515625, "passed": false}, "14": {"execution_time": 0.04967856407165527, "passed": false}, "15": {"execution_time": 0.048955440521240234, "passed": false}, "16": {"execution_time": 0.04822707176208496, "passed": true}, "17": {"execution_time": 0.04770016670227051, "passed": true}, "18": {"execution_time": 0.04756951332092285, "passed": true}, "19": {"execution_time": 0.04839968681335449, "passed": false}, "20": {"execution_time": 0.04867839813232422, "passed": true}, "21": {"execution_time": 0.046877384185791016, "passed": false}, "22": {"execution_time": 0.048004865646362305, "passed": false}, "23": {"execution_time": 0.049067020416259766, "passed": false}, "24": {"execution_time": 0.04804348945617676, "passed": false}}}, "pylint_score": "-3/10"}