{"version": "1", "message": "ERROR: Hidden Testcases server unreachable.", "problem_id": "cspp1_m10_a1_1", "user_id": "saad181", "score": {"sample": {"0": {"execution_time": 0.06386041641235352, "passed": true}, "1": {"execution_time": 0.06424069404602051, "passed": false}, "2": {"execution_time": 0.0607607364654541, "passed": false}, "3": {"execution_time": 0.05742669105529785, "passed": false}, "4": {"execution_time": 0.06670808792114258, "passed": false}, "5": {"execution_time": 0.05961751937866211, "passed": false}, "6": {"execution_time": 0.0631101131439209, "passed": false}, "7": {"execution_time": 0.1063072681427002, "passed": false}, "8": {"execution_time": 0.06644511222839355, "passed": false}, "9": {"execution_time": 0.06452226638793945, "passed": false}, "10": {"execution_time": 0.0770413875579834, "passed": false}, "11": {"execution_time": 0.06780338287353516, "passed": false}, "12": {"execution_time": 0.05904078483581543, "passed": false}, "13": {"execution_time": 0.09402728080749512, "passed": false}, "14": {"execution_time": 0.06798458099365234, "passed": false}, "15": {"execution_time": 0.05261707305908203, "passed": false}, "16": {"execution_time": 0.0515284538269043, "passed": true}, "17": {"execution_time": 0.04943108558654785, "passed": true}, "18": {"execution_time": 0.048474788665771484, "passed": true}, "19": {"execution_time": 0.051224708557128906, "passed": false}, "20": {"execution_time": 0.047586917877197266, "passed": true}, "21": {"execution_time": 0.04845595359802246, "passed": false}, "22": {"execution_time": 0.047091007232666016, "passed": false}, "23": {"execution_time": 0.04945564270019531, "passed": false}, "24": {"execution_time": 0.04871535301208496, "passed": false}}}, "pylint_score": "4/10"}