{"version": "1", "message": "ERROR: Hidden Testcases server unreachable.", "problem_id": "cspp1_m10_a1_1", "user_id": "saad181", "score": {"sample": {"0": {"execution_time": 0.42307090759277344, "passed": true}, "1": {"execution_time": 0.04886603355407715, "passed": true}, "2": {"execution_time": 0.051374197006225586, "passed": false}, "3": {"execution_time": 0.04887080192565918, "passed": false}, "4": {"execution_time": 0.050363779067993164, "passed": false}, "5": {"execution_time": 0.05285835266113281, "passed": false}, "6": {"execution_time": 0.0887606143951416, "passed": false}, "7": {"execution_time": 0.05385923385620117, "passed": false}, "8": {"execution_time": 0.05684614181518555, "passed": false}, "9": {"execution_time": 0.05186319351196289, "passed": false}, "10": {"execution_time": 0.06981372833251953, "passed": false}, "11": {"execution_time": 0.04987072944641113, "passed": false}, "12": {"execution_time": 0.04888343811035156, "passed": false}, "13": {"execution_time": 0.0638279914855957, "passed": false}, "14": {"execution_time": 0.054854631423950195, "passed": false}, "15": {"execution_time": 0.04886889457702637, "passed": false}, "16": {"execution_time": 0.050866127014160156, "passed": true}, "17": {"execution_time": 0.05086398124694824, "passed": true}, "18": {"execution_time": 0.05137014389038086, "passed": true}, "19": {"execution_time": 0.053855180740356445, "passed": false}, "20": {"execution_time": 0.04887270927429199, "passed": true}, "21": {"execution_time": 0.05186176300048828, "passed": false}, "22": {"execution_time": 0.050866127014160156, "passed": false}, "23": {"execution_time": 0.048871517181396484, "passed": false}, "24": {"execution_time": 0.04986858367919922, "passed": false}}}, "pylint_score": "-3/10"}