{"version": "1", "message": "ERROR: Hidden Testcases server unreachable.", "problem_id": "cspp1_m10_a1_1", "user_id": "saad181", "score": {"sample": {"0": {"execution_time": 0.09200501441955566, "passed": true}, "1": {"execution_time": 0.0534205436706543, "passed": true}, "2": {"execution_time": 0.04926013946533203, "passed": false}, "3": {"execution_time": 0.051138877868652344, "passed": false}, "4": {"execution_time": 0.050087928771972656, "passed": false}, "5": {"execution_time": 0.04998326301574707, "passed": false}, "6": {"execution_time": 0.05024600028991699, "passed": false}, "7": {"execution_time": 0.04973578453063965, "passed": false}, "8": {"execution_time": 0.05077481269836426, "passed": false}, "9": {"execution_time": 0.04787302017211914, "passed": false}, "10": {"execution_time": 0.04852032661437988, "passed": false}, "11": {"execution_time": 0.049510955810546875, "passed": false}, "12": {"execution_time": 0.05050992965698242, "passed": false}, "13": {"execution_time": 0.050200700759887695, "passed": false}, "14": {"execution_time": 0.04980802536010742, "passed": false}, "15": {"execution_time": 0.049540042877197266, "passed": false}, "16": {"execution_time": 0.049189090728759766, "passed": true}, "17": {"execution_time": 0.048868417739868164, "passed": true}, "18": {"execution_time": 0.046478271484375, "passed": true}, "19": {"execution_time": 0.05204415321350098, "passed": false}, "20": {"execution_time": 0.051496028900146484, "passed": true}, "21": {"execution_time": 0.05695533752441406, "passed": false}, "22": {"execution_time": 0.05208134651184082, "passed": false}, "23": {"execution_time": 0.051230430603027344, "passed": false}, "24": {"execution_time": 0.050356149673461914, "passed": false}}}, "pylint_score": "-3/10"}