{"version": "1", "message": "ERROR: Hidden Testcases server unreachable.", "problem_id": "cspp1_m10_a1_1", "user_id": "saad181", "score": {"sample": {"0": {"execution_time": 0.07978415489196777, "passed": true}, "1": {"execution_time": 0.05035686492919922, "passed": true}, "2": {"execution_time": 0.04883909225463867, "passed": false}, "3": {"execution_time": 0.04929161071777344, "passed": false}, "4": {"execution_time": 0.0498659610748291, "passed": false}, "5": {"execution_time": 0.048809051513671875, "passed": false}, "6": {"execution_time": 0.04786849021911621, "passed": false}, "7": {"execution_time": 0.048870086669921875, "passed": false}, "8": {"execution_time": 0.04886746406555176, "passed": false}, "9": {"execution_time": 0.0498661994934082, "passed": false}, "10": {"execution_time": 0.049865007400512695, "passed": false}, "11": {"execution_time": 0.048542022705078125, "passed": false}, "12": {"execution_time": 0.054372549057006836, "passed": false}, "13": {"execution_time": 0.04986906051635742, "passed": false}, "14": {"execution_time": 0.168548583984375, "passed": false}, "15": {"execution_time": 0.07677245140075684, "passed": false}, "16": {"execution_time": 0.06881499290466309, "passed": true}, "17": {"execution_time": 0.06782031059265137, "passed": true}, "18": {"execution_time": 0.07080888748168945, "passed": true}, "19": {"execution_time": 0.06881594657897949, "passed": false}, "20": {"execution_time": 0.05884361267089844, "passed": true}, "21": {"execution_time": 0.04986453056335449, "passed": false}, "22": {"execution_time": 0.049863576889038086, "passed": false}, "23": {"execution_time": 0.0498659610748291, "passed": false}, "24": {"execution_time": 0.050452232360839844, "passed": false}}}, "pylint_score": "-3/10"}