{"version": "1", "message": "ERROR: Hidden Testcases server unreachable.", "problem_id": "cspp1_m10_a1_1", "user_id": "saad181", "score": {"sample": {"0": {"execution_time": 0.17883014678955078, "passed": false}, "1": {"execution_time": 0.0992279052734375, "passed": false}, "2": {"execution_time": 0.07251954078674316, "passed": false}, "3": {"execution_time": 0.048497915267944336, "passed": false}, "4": {"execution_time": 0.11889243125915527, "passed": false}, "5": {"execution_time": 0.05707240104675293, "passed": false}, "6": {"execution_time": 0.055025339126586914, "passed": false}, "7": {"execution_time": 0.07782912254333496, "passed": false}, "8": {"execution_time": 0.05037736892700195, "passed": false}, "9": {"execution_time": 0.04885363578796387, "passed": false}, "10": {"execution_time": 0.19010543823242188, "passed": false}, "11": {"execution_time": 0.16401934623718262, "passed": false}, "12": {"execution_time": 0.04995465278625488, "passed": false}, "13": {"execution_time": 0.0499567985534668, "passed": false}, "14": {"execution_time": 0.0498967170715332, "passed": false}, "15": {"execution_time": 0.05020952224731445, "passed": false}, "16": {"execution_time": 0.04853081703186035, "passed": false}, "17": {"execution_time": 0.0494842529296875, "passed": false}, "18": {"execution_time": 0.04921579360961914, "passed": false}, "19": {"execution_time": 0.04984283447265625, "passed": false}, "20": {"execution_time": 0.04882526397705078, "passed": false}, "21": {"execution_time": 0.04823946952819824, "passed": false}, "22": {"execution_time": 0.04751396179199219, "passed": false}, "23": {"execution_time": 0.047977447509765625, "passed": false}, "24": {"execution_time": 0.04778599739074707, "passed": false}}}, "pylint_score": "0/0"}