{"version": "1", "message": "ERROR: Hidden Testcases server unreachable.", "problem_id": "cspp1_m10_a1_1", "user_id": "saad181", "score": {"sample": {"0": {"execution_time": 0.13137102127075195, "passed": true}, "1": {"execution_time": 0.1300969123840332, "passed": true}, "2": {"execution_time": 0.12958216667175293, "passed": true}, "3": {"execution_time": 0.12311387062072754, "passed": true}, "4": {"execution_time": 0.05996060371398926, "passed": true}, "5": {"execution_time": 0.05629277229309082, "passed": true}, "6": {"execution_time": 0.06754016876220703, "passed": true}, "7": {"execution_time": 0.08051419258117676, "passed": true}, "8": {"execution_time": 0.0759429931640625, "passed": true}, "9": {"execution_time": 0.05058121681213379, "passed": true}, "10": {"execution_time": 0.05100059509277344, "passed": true}, "11": {"execution_time": 0.05109715461730957, "passed": true}, "12": {"execution_time": 0.05121302604675293, "passed": true}, "13": {"execution_time": 0.05042672157287598, "passed": true}, "14": {"execution_time": 0.05688977241516113, "passed": true}, "15": {"execution_time": 0.05150032043457031, "passed": true}, "16": {"execution_time": 0.0510098934173584, "passed": true}, "17": {"execution_time": 0.049391746520996094, "passed": true}, "18": {"execution_time": 0.05145978927612305, "passed": true}, "19": {"execution_time": 0.052590370178222656, "passed": true}, "20": {"execution_time": 0.049417972564697266, "passed": true}, "21": {"execution_time": 0.0516819953918457, "passed": true}, "22": {"execution_time": 0.052622079849243164, "passed": true}, "23": {"execution_time": 0.06362485885620117, "passed": true}, "24": {"execution_time": 0.05304551124572754, "passed": true}}}, "pylint_score": "3/10"}