{"version": "1", "message": "ERROR: Hidden Testcases server unreachable.", "problem_id": "cspp1_m10_a1_1", "user_id": "saad181", "score": {"sample": {"0": {"execution_time": 0.10571742057800293, "passed": false}, "1": {"execution_time": 0.05385589599609375, "passed": true}, "2": {"execution_time": 0.04587364196777344, "passed": true}, "3": {"execution_time": 0.050864219665527344, "passed": true}, "4": {"execution_time": 0.052858829498291016, "passed": true}, "5": {"execution_time": 0.045877695083618164, "passed": false}, "6": {"execution_time": 0.04986429214477539, "passed": true}, "7": {"execution_time": 0.05086493492126465, "passed": true}, "8": {"execution_time": 0.04587554931640625, "passed": true}, "9": {"execution_time": 0.046608686447143555, "passed": false}, "10": {"execution_time": 0.04624342918395996, "passed": true}, "11": {"execution_time": 0.04699420928955078, "passed": true}, "12": {"execution_time": 0.046738386154174805, "passed": true}, "13": {"execution_time": 0.046663522720336914, "passed": false}, "14": {"execution_time": 0.04712224006652832, "passed": false}, "15": {"execution_time": 0.046875, "passed": false}, "16": {"execution_time": 0.04588937759399414, "passed": false}, "17": {"execution_time": 0.0502314567565918, "passed": false}, "18": {"execution_time": 0.048269033432006836, "passed": false}, "19": {"execution_time": 0.047867774963378906, "passed": false}, "20": {"execution_time": 0.046875953674316406, "passed": false}, "21": {"execution_time": 0.04587674140930176, "passed": false}, "22": {"execution_time": 0.04687142372131348, "passed": false}, "23": {"execution_time": 0.04681253433227539, "passed": false}, "24": {"execution_time": 0.047872066497802734, "passed": false}}}, "pylint_score": "1/10"}