{"version": "1", "message": "ERROR: Hidden Testcases server unreachable.", "problem_id": "cspp1_m10_a1_1", "user_id": "saad181", "score": {"sample": {"0": {"execution_time": 0.5000147819519043, "passed": false}, "1": {"execution_time": 0.04587674140930176, "passed": false}, "2": {"execution_time": 0.049866676330566406, "passed": false}, "3": {"execution_time": 0.04886913299560547, "passed": false}, "4": {"execution_time": 0.046872615814208984, "passed": false}, "5": {"execution_time": 0.049866437911987305, "passed": false}, "6": {"execution_time": 0.04886960983276367, "passed": true}, "7": {"execution_time": 0.04687690734863281, "passed": false}, "8": {"execution_time": 0.046872615814208984, "passed": false}, "9": {"execution_time": 0.04887127876281738, "passed": false}, "10": {"execution_time": 0.04451417922973633, "passed": true}, "11": {"execution_time": 0.045879364013671875, "passed": true}, "12": {"execution_time": 0.047873497009277344, "passed": false}, "13": {"execution_time": 0.04741930961608887, "passed": false}, "14": {"execution_time": 0.04716920852661133, "passed": false}, "15": {"execution_time": 0.04894304275512695, "passed": false}, "16": {"execution_time": 0.04786109924316406, "passed": false}, "17": {"execution_time": 0.04886937141418457, "passed": false}, "18": {"execution_time": 0.04752397537231445, "passed": false}, "19": {"execution_time": 0.04788565635681152, "passed": false}, "20": {"execution_time": 0.047797203063964844, "passed": false}, "21": {"execution_time": 0.04756593704223633, "passed": false}, "22": {"execution_time": 0.04787182807922363, "passed": false}, "23": {"execution_time": 0.04781389236450195, "passed": false}, "24": {"execution_time": 0.048262834548950195, "passed": false}}}, "pylint_score": "1/10"}