{"version": "1", "message": "ERROR: Hidden Testcases server unreachable.", "problem_id": "cspp1_m10_a1_1", "user_id": "saad181", "score": {"sample": {"0": {"execution_time": 0.056188344955444336, "passed": true}, "1": {"execution_time": 0.05131101608276367, "passed": true}, "2": {"execution_time": 0.0499875545501709, "passed": true}, "3": {"execution_time": 0.05004477500915527, "passed": true}, "4": {"execution_time": 0.05010581016540527, "passed": true}, "5": {"execution_time": 0.05510973930358887, "passed": true}, "6": {"execution_time": 0.050199270248413086, "passed": true}, "7": {"execution_time": 0.05200815200805664, "passed": true}, "8": {"execution_time": 0.05149197578430176, "passed": true}, "9": {"execution_time": 0.04926419258117676, "passed": true}, "10": {"execution_time": 0.051461219787597656, "passed": true}, "11": {"execution_time": 0.049309730529785156, "passed": true}, "12": {"execution_time": 0.0595855712890625, "passed": true}, "13": {"execution_time": 0.20155715942382812, "passed": true}, "14": {"execution_time": 0.18236780166625977, "passed": true}, "15": {"execution_time": 0.13488340377807617, "passed": true}, "16": {"execution_time": 0.1368553638458252, "passed": true}, "17": {"execution_time": 0.09548354148864746, "passed": true}, "18": {"execution_time": 0.07585740089416504, "passed": true}, "19": {"execution_time": 0.07797956466674805, "passed": true}, "20": {"execution_time": 0.07633566856384277, "passed": true}, "21": {"execution_time": 0.07943248748779297, "passed": true}, "22": {"execution_time": 0.07759976387023926, "passed": true}, "23": {"execution_time": 0.08116626739501953, "passed": true}, "24": {"execution_time": 0.051106929779052734, "passed": true}}}, "pylint_score": "4/10"}