{"version": "1", "message": "ERROR: Hidden Testcases server unreachable.", "problem_id": "cspp1_m10_a1_1", "user_id": "saad181", "score": {"sample": {"0": {"execution_time": 0.09956192970275879, "passed": true}, "1": {"execution_time": 0.07417011260986328, "passed": false}, "2": {"execution_time": 0.0704336166381836, "passed": false}, "3": {"execution_time": 0.15177655220031738, "passed": false}, "4": {"execution_time": 0.11056637763977051, "passed": false}, "5": {"execution_time": 0.12271595001220703, "passed": false}, "6": {"execution_time": 0.11269974708557129, "passed": false}, "7": {"execution_time": 0.17142987251281738, "passed": false}, "8": {"execution_time": 0.0723876953125, "passed": false}, "9": {"execution_time": 0.16250371932983398, "passed": false}, "10": {"execution_time": 0.08927631378173828, "passed": false}, "11": {"execution_time": 0.1690061092376709, "passed": false}, "12": {"execution_time": 0.12451171875, "passed": false}, "13": {"execution_time": 0.12653112411499023, "passed": false}, "14": {"execution_time": 0.09240221977233887, "passed": false}, "15": {"execution_time": 0.14198565483093262, "passed": false}, "16": {"execution_time": 0.15722966194152832, "passed": false}, "17": {"execution_time": 0.11451196670532227, "passed": false}, "18": {"execution_time": 0.07495951652526855, "passed": false}, "19": {"execution_time": 0.13609957695007324, "passed": false}, "20": {"execution_time": 0.14548063278198242, "passed": false}, "21": {"execution_time": 0.07844161987304688, "passed": false}, "22": {"execution_time": 0.22771930694580078, "passed": false}, "23": {"execution_time": 0.23240256309509277, "passed": false}, "24": {"execution_time": 0.0914463996887207, "passed": false}}}, "pylint_score": "-1/10"}