{"version": "1", "message": "ERROR: Hidden Testcases server unreachable.", "problem_id": "cspp1_m10_a1_1", "user_id": "saad181", "score": {"sample": {"0": {"execution_time": 0.11255073547363281, "passed": true}, "1": {"execution_time": 0.07294821739196777, "passed": true}, "2": {"execution_time": 0.07347488403320312, "passed": false}, "3": {"execution_time": 0.07171177864074707, "passed": false}, "4": {"execution_time": 0.0877845287322998, "passed": false}, "5": {"execution_time": 0.09810090065002441, "passed": false}, "6": {"execution_time": 0.2270975112915039, "passed": false}, "7": {"execution_time": 0.0664987564086914, "passed": false}, "8": {"execution_time": 0.0595240592956543, "passed": false}, "9": {"execution_time": 0.06037759780883789, "passed": false}, "10": {"execution_time": 0.0580594539642334, "passed": false}, "11": {"execution_time": 0.05062389373779297, "passed": false}, "12": {"execution_time": 0.05070304870605469, "passed": false}, "13": {"execution_time": 0.049524545669555664, "passed": false}, "14": {"execution_time": 0.04827737808227539, "passed": false}, "15": {"execution_time": 0.04973649978637695, "passed": false}, "16": {"execution_time": 0.04804110527038574, "passed": true}, "17": {"execution_time": 0.04847288131713867, "passed": true}, "18": {"execution_time": 0.04925656318664551, "passed": true}, "19": {"execution_time": 0.04947185516357422, "passed": false}, "20": {"execution_time": 0.047957420349121094, "passed": true}, "21": {"execution_time": 0.049004554748535156, "passed": false}, "22": {"execution_time": 0.051032066345214844, "passed": false}, "23": {"execution_time": 0.049546241760253906, "passed": false}, "24": {"execution_time": 0.05083012580871582, "passed": false}}}, "pylint_score": "-3/10"}