{"version": "1", "message": "ERROR: Hidden Testcases server unreachable.", "problem_id": "cspp1_m10_a1_1", "user_id": "saad181", "score": {"sample": {"0": {"execution_time": 0.13074898719787598, "passed": true}, "1": {"execution_time": 0.07873821258544922, "passed": true}, "2": {"execution_time": 0.05621075630187988, "passed": false}, "3": {"execution_time": 0.07584452629089355, "passed": false}, "4": {"execution_time": 0.06209611892700195, "passed": false}, "5": {"execution_time": 0.08020663261413574, "passed": false}, "6": {"execution_time": 0.1791398525238037, "passed": false}, "7": {"execution_time": 0.08394622802734375, "passed": false}, "8": {"execution_time": 0.052896976470947266, "passed": false}, "9": {"execution_time": 0.05043458938598633, "passed": false}, "10": {"execution_time": 0.049520015716552734, "passed": false}, "11": {"execution_time": 0.04980158805847168, "passed": false}, "12": {"execution_time": 0.051054954528808594, "passed": false}, "13": {"execution_time": 0.05133175849914551, "passed": false}, "14": {"execution_time": 0.0497133731842041, "passed": false}, "15": {"execution_time": 0.050194501876831055, "passed": false}, "16": {"execution_time": 0.05044674873352051, "passed": true}, "17": {"execution_time": 0.05053091049194336, "passed": true}, "18": {"execution_time": 0.05002856254577637, "passed": true}, "19": {"execution_time": 0.05202507972717285, "passed": false}, "20": {"execution_time": 0.04981279373168945, "passed": true}, "21": {"execution_time": 0.05300712585449219, "passed": false}, "22": {"execution_time": 0.050846099853515625, "passed": false}, "23": {"execution_time": 0.05334615707397461, "passed": false}, "24": {"execution_time": 0.050927162170410156, "passed": false}}}, "pylint_score": "-3/10"}