{"version": "1", "message": "ERROR: Hidden Testcases server unreachable.", "problem_id": "cspp1_m10_a1_1", "user_id": "saad181", "score": {"sample": {"0": {"execution_time": 0.09994244575500488, "passed": true}, "1": {"execution_time": 0.050991058349609375, "passed": true}, "2": {"execution_time": 0.050309181213378906, "passed": false}, "3": {"execution_time": 0.050417184829711914, "passed": false}, "4": {"execution_time": 0.05091357231140137, "passed": false}, "5": {"execution_time": 0.0490267276763916, "passed": false}, "6": {"execution_time": 0.05702400207519531, "passed": false}, "7": {"execution_time": 0.08754777908325195, "passed": false}, "8": {"execution_time": 0.049813032150268555, "passed": false}, "9": {"execution_time": 0.053899288177490234, "passed": false}, "10": {"execution_time": 0.07376718521118164, "passed": false}, "11": {"execution_time": 0.07327628135681152, "passed": false}, "12": {"execution_time": 0.05231881141662598, "passed": false}, "13": {"execution_time": 0.050203800201416016, "passed": false}, "14": {"execution_time": 0.04904007911682129, "passed": false}, "15": {"execution_time": 0.056931257247924805, "passed": false}, "16": {"execution_time": 0.18365859985351562, "passed": true}, "17": {"execution_time": 0.07525444030761719, "passed": true}, "18": {"execution_time": 0.07862973213195801, "passed": true}, "19": {"execution_time": 0.07830643653869629, "passed": false}, "20": {"execution_time": 0.07714056968688965, "passed": true}, "21": {"execution_time": 0.05086851119995117, "passed": false}, "22": {"execution_time": 0.051908016204833984, "passed": false}, "23": {"execution_time": 0.05109882354736328, "passed": false}, "24": {"execution_time": 0.05205249786376953, "passed": false}}}, "pylint_score": "-3/10"}