{"version": "1", "message": "ERROR: Hidden Testcases server unreachable.", "problem_id": "cspp1_m10_a1_1", "user_id": "saad181", "score": {"sample": {"0": {"execution_time": 0.46863508224487305, "passed": false}, "1": {"execution_time": 0.04686284065246582, "passed": true}, "2": {"execution_time": 0.06251406669616699, "passed": true}, "3": {"execution_time": 0.04683351516723633, "passed": true}, "4": {"execution_time": 0.04690098762512207, "passed": true}, "5": {"execution_time": 0.06244826316833496, "passed": false}, "6": {"execution_time": 0.04686379432678223, "passed": true}, "7": {"execution_time": 0.04686713218688965, "passed": true}, "8": {"execution_time": 0.05150198936462402, "passed": true}, "9": {"execution_time": 0.05750584602355957, "passed": false}, "10": {"execution_time": 0.04683232307434082, "passed": true}, "11": {"execution_time": 0.04686427116394043, "passed": true}, "12": {"execution_time": 0.046897172927856445, "passed": true}, "13": {"execution_time": 0.04683208465576172, "passed": false}, "14": {"execution_time": 0.046862125396728516, "passed": false}, "15": {"execution_time": 0.046865224838256836, "passed": false}, "16": {"execution_time": 0.04686236381530762, "passed": false}, "17": {"execution_time": 0.04686427116394043, "passed": false}, "18": {"execution_time": 0.046866416931152344, "passed": false}, "19": {"execution_time": 0.04689359664916992, "passed": false}, "20": {"execution_time": 0.04687047004699707, "passed": false}, "21": {"execution_time": 0.04682517051696777, "passed": false}, "22": {"execution_time": 0.04689741134643555, "passed": false}, "23": {"execution_time": 0.04683327674865723, "passed": false}, "24": {"execution_time": 0.046866416931152344, "passed": false}}}, "pylint_score": "3/10"}