{"version": "1", "message": "ERROR: Hidden Testcases server unreachable.", "problem_id": "cspp1_m10_a1_1", "user_id": "saad181", "score": {"sample": {"0": {"execution_time": 0.6492128372192383, "passed": true}, "1": {"execution_time": 0.18650078773498535, "passed": false}, "2": {"execution_time": 0.11369729042053223, "passed": false}, "3": {"execution_time": 0.11070108413696289, "passed": false}, "4": {"execution_time": 0.11369514465332031, "passed": false}, "5": {"execution_time": 0.08875727653503418, "passed": false}, "6": {"execution_time": 0.10423874855041504, "passed": false}, "7": {"execution_time": 0.11469125747680664, "passed": false}, "8": {"execution_time": 0.10272717475891113, "passed": false}, "9": {"execution_time": 0.08878612518310547, "passed": false}, "10": {"execution_time": 0.11968040466308594, "passed": false}, "11": {"execution_time": 0.1082608699798584, "passed": false}, "12": {"execution_time": 0.10970830917358398, "passed": false}, "13": {"execution_time": 0.10576915740966797, "passed": false}, "14": {"execution_time": 0.08676767349243164, "passed": false}, "15": {"execution_time": 0.09574294090270996, "passed": false}, "16": {"execution_time": 0.09575009346008301, "passed": false}, "17": {"execution_time": 0.0827782154083252, "passed": true}, "18": {"execution_time": 0.08577775955200195, "passed": false}, "19": {"execution_time": 0.10172700881958008, "passed": false}, "20": {"execution_time": 0.13563799858093262, "passed": true}, "21": {"execution_time": 0.09474539756774902, "passed": false}, "22": {"execution_time": 0.08876419067382812, "passed": false}, "23": {"execution_time": 0.10223698616027832, "passed": false}, "24": {"execution_time": 0.09674215316772461, "passed": false}}}, "pylint_score": "-3/10"}