{"version": "1", "message": "ERROR: Hidden Testcases server unreachable.", "problem_id": "cspp1_m10_a1_1", "user_id": "saad181", "score": {"sample": {"0": {"execution_time": 0.18741059303283691, "passed": false}, "1": {"execution_time": 0.04685854911804199, "passed": false}, "2": {"execution_time": 0.04690098762512207, "passed": false}, "3": {"execution_time": 0.062448740005493164, "passed": false}, "4": {"execution_time": 0.046866416931152344, "passed": false}, "5": {"execution_time": 0.04686403274536133, "passed": false}, "6": {"execution_time": 0.04686331748962402, "passed": false}, "7": {"execution_time": 0.04686307907104492, "passed": false}, "8": {"execution_time": 0.062485456466674805, "passed": false}, "9": {"execution_time": 0.04686260223388672, "passed": false}, "10": {"execution_time": 0.04686570167541504, "passed": false}, "11": {"execution_time": 0.03594660758972168, "passed": false}, "12": {"execution_time": 0.041466712951660156, "passed": false}, "13": {"execution_time": 0.04689192771911621, "passed": false}, "14": {"execution_time": 0.046835899353027344, "passed": false}, "15": {"execution_time": 0.04689335823059082, "passed": false}, "16": {"execution_time": 0.04686260223388672, "passed": false}, "17": {"execution_time": 0.04686379432678223, "passed": false}, "18": {"execution_time": 0.04683661460876465, "passed": false}, "19": {"execution_time": 0.0468599796295166, "passed": false}, "20": {"execution_time": 0.04689645767211914, "passed": false}, "21": {"execution_time": 0.04686403274536133, "passed": false}, "22": {"execution_time": 0.04683232307434082, "passed": false}, "23": {"execution_time": 0.04689598083496094, "passed": false}, "24": {"execution_time": 0.04683208465576172, "passed": false}}}, "pylint_score": "2/10"}