{"version": "1", "message": "ERROR: Hidden Testcases server unreachable.", "problem_id": "cspp1_m10_a1_1", "user_id": "saad181", "score": {"sample": {"0": {"execution_time": 0.0510101318359375, "passed": true}, "1": {"execution_time": 0.050279855728149414, "passed": false}, "2": {"execution_time": 0.050348758697509766, "passed": false}, "3": {"execution_time": 0.07531237602233887, "passed": false}, "4": {"execution_time": 0.06203174591064453, "passed": false}, "5": {"execution_time": 0.04985189437866211, "passed": false}, "6": {"execution_time": 0.05031275749206543, "passed": false}, "7": {"execution_time": 0.048853158950805664, "passed": false}, "8": {"execution_time": 0.04883980751037598, "passed": false}, "9": {"execution_time": 0.04899263381958008, "passed": false}, "10": {"execution_time": 0.05150461196899414, "passed": false}, "11": {"execution_time": 0.04962873458862305, "passed": false}, "12": {"execution_time": 0.05445289611816406, "passed": false}, "13": {"execution_time": 0.04834723472595215, "passed": false}, "14": {"execution_time": 0.3088185787200928, "passed": false}, "15": {"execution_time": 0.0699164867401123, "passed": false}, "16": {"execution_time": 0.0758519172668457, "passed": true}, "17": {"execution_time": 0.07380533218383789, "passed": true}, "18": {"execution_time": 0.0785684585571289, "passed": true}, "19": {"execution_time": 0.11535978317260742, "passed": false}, "20": {"execution_time": 0.06349420547485352, "passed": true}, "21": {"execution_time": 0.049922943115234375, "passed": false}, "22": {"execution_time": 0.050290822982788086, "passed": false}, "23": {"execution_time": 0.0512542724609375, "passed": false}, "24": {"execution_time": 0.04857587814331055, "passed": false}}}, "pylint_score": "2/10"}