{"version": "1", "message": "ERROR: Hidden Testcases server unreachable.", "problem_id": "cspp1_m10_a1_1", "user_id": "saad181", "score": {"sample": {"0": {"execution_time": 0.08874177932739258, "passed": true}, "1": {"execution_time": 0.07442855834960938, "passed": false}, "2": {"execution_time": 0.07435131072998047, "passed": false}, "3": {"execution_time": 0.0853583812713623, "passed": false}, "4": {"execution_time": 0.18402719497680664, "passed": false}, "5": {"execution_time": 0.1613314151763916, "passed": false}, "6": {"execution_time": 0.12906670570373535, "passed": false}, "7": {"execution_time": 0.13556408882141113, "passed": false}, "8": {"execution_time": 0.08589744567871094, "passed": false}, "9": {"execution_time": 0.14669585227966309, "passed": false}, "10": {"execution_time": 0.1109306812286377, "passed": false}, "11": {"execution_time": 0.18501925468444824, "passed": false}, "12": {"execution_time": 0.07625389099121094, "passed": false}, "13": {"execution_time": 0.16991138458251953, "passed": false}, "14": {"execution_time": 0.14414525032043457, "passed": false}, "15": {"execution_time": 0.15266942977905273, "passed": false}, "16": {"execution_time": 0.07908129692077637, "passed": false}, "17": {"execution_time": 0.1982097625732422, "passed": false}, "18": {"execution_time": 0.11010551452636719, "passed": false}, "19": {"execution_time": 0.07294774055480957, "passed": false}, "20": {"execution_time": 0.07918214797973633, "passed": false}, "21": {"execution_time": 0.07634663581848145, "passed": false}, "22": {"execution_time": 0.1826343536376953, "passed": false}, "23": {"execution_time": 0.18073344230651855, "passed": false}, "24": {"execution_time": 0.09314608573913574, "passed": false}}}, "pylint_score": "-1/10"}