{"version": "1", "message": "ERROR: Hidden Testcases server unreachable.", "problem_id": "cspp1_m10_a1_1", "user_id": "saad181", "score": {"sample": {"0": {"execution_time": 0.11710810661315918, "passed": true}, "1": {"execution_time": 0.07182025909423828, "passed": false}, "2": {"execution_time": 0.06904172897338867, "passed": false}, "3": {"execution_time": 0.07150411605834961, "passed": false}, "4": {"execution_time": 0.06980490684509277, "passed": false}, "5": {"execution_time": 0.07590198516845703, "passed": false}, "6": {"execution_time": 0.0948178768157959, "passed": false}, "7": {"execution_time": 0.07538080215454102, "passed": false}, "8": {"execution_time": 0.12355375289916992, "passed": false}, "9": {"execution_time": 0.11485457420349121, "passed": false}, "10": {"execution_time": 0.17824411392211914, "passed": false}, "11": {"execution_time": 0.09786820411682129, "passed": false}, "12": {"execution_time": 0.16478991508483887, "passed": false}, "13": {"execution_time": 0.19469261169433594, "passed": false}, "14": {"execution_time": 0.10916852951049805, "passed": false}, "15": {"execution_time": 0.11418557167053223, "passed": false}, "16": {"execution_time": 0.18955016136169434, "passed": false}, "17": {"execution_time": 0.11224126815795898, "passed": false}, "18": {"execution_time": 0.24869918823242188, "passed": false}, "19": {"execution_time": 0.08901119232177734, "passed": false}, "20": {"execution_time": 0.11806774139404297, "passed": false}, "21": {"execution_time": 0.06567263603210449, "passed": false}, "22": {"execution_time": 0.06575345993041992, "passed": false}, "23": {"execution_time": 0.15359711647033691, "passed": false}, "24": {"execution_time": 0.18909144401550293, "passed": false}}}, "pylint_score": "-1/10"}