{"version": "1", "message": "ERROR: Hidden Testcases server unreachable.", "problem_id": "cspp1_m10_a1_1", "user_id": "saad181", "score": {"sample": {"0": {"execution_time": 0.09874081611633301, "passed": true}, "1": {"execution_time": 0.0508570671081543, "passed": true}, "2": {"execution_time": 0.04986929893493652, "passed": false}, "3": {"execution_time": 0.04986429214477539, "passed": false}, "4": {"execution_time": 0.04905557632446289, "passed": false}, "5": {"execution_time": 0.049864768981933594, "passed": false}, "6": {"execution_time": 0.04986834526062012, "passed": false}, "7": {"execution_time": 0.04887080192565918, "passed": false}, "8": {"execution_time": 0.04888153076171875, "passed": false}, "9": {"execution_time": 0.0498661994934082, "passed": false}, "10": {"execution_time": 0.04986453056335449, "passed": false}, "11": {"execution_time": 0.049868106842041016, "passed": false}, "12": {"execution_time": 0.05186033248901367, "passed": false}, "13": {"execution_time": 0.05485129356384277, "passed": false}, "14": {"execution_time": 0.05086517333984375, "passed": false}, "15": {"execution_time": 0.05085635185241699, "passed": false}, "16": {"execution_time": 0.4010446071624756, "passed": false}, "17": {"execution_time": 0.05385875701904297, "passed": true}, "18": {"execution_time": 0.04955625534057617, "passed": false}, "19": {"execution_time": 0.05285763740539551, "passed": false}, "20": {"execution_time": 0.07579827308654785, "passed": true}, "21": {"execution_time": 0.05385565757751465, "passed": false}, "22": {"execution_time": 0.05385732650756836, "passed": false}, "23": {"execution_time": 0.057857513427734375, "passed": false}, "24": {"execution_time": 0.049874305725097656, "passed": false}}}, "pylint_score": "-3/10"}