{"version": "1", "message": "ERROR: Hidden Testcases server unreachable.", "problem_id": "cspp1_m10_a1_1", "user_id": "saad181", "score": {"sample": {"0": {"execution_time": 0.05684351921081543, "passed": false}, "1": {"execution_time": 0.07032489776611328, "passed": false}, "2": {"execution_time": 0.08330988883972168, "passed": false}, "3": {"execution_time": 0.09075760841369629, "passed": false}, "4": {"execution_time": 0.0797886848449707, "passed": false}, "5": {"execution_time": 0.07580351829528809, "passed": false}, "6": {"execution_time": 0.07978630065917969, "passed": false}, "7": {"execution_time": 0.0718076229095459, "passed": false}, "8": {"execution_time": 0.0797889232635498, "passed": false}, "9": {"execution_time": 0.11968064308166504, "passed": false}, "10": {"execution_time": 0.07679486274719238, "passed": false}, "11": {"execution_time": 0.07779312133789062, "passed": false}, "12": {"execution_time": 0.07879161834716797, "passed": false}, "13": {"execution_time": 0.07396817207336426, "passed": false}, "14": {"execution_time": 0.0787651538848877, "passed": false}, "15": {"execution_time": 0.09175515174865723, "passed": false}, "16": {"execution_time": 0.07483267784118652, "passed": false}, "17": {"execution_time": 0.07482504844665527, "passed": false}, "18": {"execution_time": 0.07682061195373535, "passed": false}, "19": {"execution_time": 0.07579755783081055, "passed": false}, "20": {"execution_time": 0.07879185676574707, "passed": false}, "21": {"execution_time": 0.07679581642150879, "passed": false}, "22": {"execution_time": 0.0777895450592041, "passed": false}, "23": {"execution_time": 0.07676815986633301, "passed": false}, "24": {"execution_time": 0.07679605484008789, "passed": false}}}, "pylint_score": "-5/10"}