{"version": "1", "message": "ERROR: Hidden Testcases server unreachable.", "problem_id": "cspp1_m10_a1_1", "user_id": "saad181", "score": {"sample": {"0": {"execution_time": 0.05255460739135742, "passed": true}, "1": {"execution_time": 0.05108761787414551, "passed": true}, "2": {"execution_time": 0.04934096336364746, "passed": true}, "3": {"execution_time": 0.04996538162231445, "passed": true}, "4": {"execution_time": 0.0497589111328125, "passed": true}, "5": {"execution_time": 0.04988884925842285, "passed": true}, "6": {"execution_time": 0.04982423782348633, "passed": true}, "7": {"execution_time": 0.04811263084411621, "passed": true}, "8": {"execution_time": 0.04876208305358887, "passed": true}, "9": {"execution_time": 0.05629754066467285, "passed": true}, "10": {"execution_time": 0.05221080780029297, "passed": true}, "11": {"execution_time": 0.3890395164489746, "passed": true}, "12": {"execution_time": 0.12496447563171387, "passed": true}, "13": {"execution_time": 0.1307847499847412, "passed": true}, "14": {"execution_time": 0.08919334411621094, "passed": true}, "15": {"execution_time": 0.08984851837158203, "passed": true}, "16": {"execution_time": 0.06808233261108398, "passed": true}, "17": {"execution_time": 0.048928260803222656, "passed": true}, "18": {"execution_time": 0.04899954795837402, "passed": true}, "19": {"execution_time": 0.05300712585449219, "passed": true}, "20": {"execution_time": 0.0499267578125, "passed": true}, "21": {"execution_time": 0.051445960998535156, "passed": true}, "22": {"execution_time": 0.05188894271850586, "passed": true}, "23": {"execution_time": 0.0489039421081543, "passed": true}, "24": {"execution_time": 0.04866671562194824, "passed": true}}}, "pylint_score": "4/10"}