{"version": "1", "message": "ERROR: Hidden Testcases server unreachable.", "problem_id": "cspp1_m10_a1_1", "user_id": "saad181", "score": {"sample": {"0": {"execution_time": 0.6840341091156006, "passed": false}, "1": {"execution_time": 0.045868635177612305, "passed": false}, "2": {"execution_time": 0.04986572265625, "passed": false}, "3": {"execution_time": 0.0468745231628418, "passed": false}, "4": {"execution_time": 0.047873735427856445, "passed": false}, "5": {"execution_time": 0.05086469650268555, "passed": false}, "6": {"execution_time": 0.04886960983276367, "passed": false}, "7": {"execution_time": 0.046875, "passed": false}, "8": {"execution_time": 0.05585122108459473, "passed": false}, "9": {"execution_time": 0.047872066497802734, "passed": false}, "10": {"execution_time": 0.04545450210571289, "passed": false}, "11": {"execution_time": 0.04587697982788086, "passed": false}, "12": {"execution_time": 0.0468752384185791, "passed": false}, "13": {"execution_time": 0.046872615814208984, "passed": false}, "14": {"execution_time": 0.04787397384643555, "passed": false}, "15": {"execution_time": 0.04826831817626953, "passed": false}, "16": {"execution_time": 0.047626495361328125, "passed": false}, "17": {"execution_time": 0.04678153991699219, "passed": false}, "18": {"execution_time": 0.0468745231628418, "passed": false}, "19": {"execution_time": 0.04638028144836426, "passed": false}, "20": {"execution_time": 0.051862239837646484, "passed": false}, "21": {"execution_time": 0.04749798774719238, "passed": false}, "22": {"execution_time": 0.047864675521850586, "passed": false}, "23": {"execution_time": 0.047178030014038086, "passed": false}, "24": {"execution_time": 0.04688906669616699, "passed": false}}}, "pylint_score": "2/10"}