{"version": "1", "message": "ERROR: Hidden Testcases server unreachable.", "problem_id": "cspp1_m10_a1_1", "user_id": "saad181", "score": {"sample": {"0": {"execution_time": 0.09497499465942383, "passed": false}, "1": {"execution_time": 0.08077406883239746, "passed": false}, "2": {"execution_time": 0.09897994995117188, "passed": false}, "3": {"execution_time": 0.1498551368713379, "passed": false}, "4": {"execution_time": 0.1106255054473877, "passed": false}, "5": {"execution_time": 0.11019635200500488, "passed": false}, "6": {"execution_time": 0.0880727767944336, "passed": false}, "7": {"execution_time": 0.10093975067138672, "passed": false}, "8": {"execution_time": 0.08889102935791016, "passed": false}, "9": {"execution_time": 0.08805537223815918, "passed": false}, "10": {"execution_time": 0.07908368110656738, "passed": false}, "11": {"execution_time": 0.09215545654296875, "passed": false}, "12": {"execution_time": 0.08864116668701172, "passed": false}, "13": {"execution_time": 0.09320259094238281, "passed": false}, "14": {"execution_time": 0.08994507789611816, "passed": false}, "15": {"execution_time": 0.08378076553344727, "passed": false}, "16": {"execution_time": 0.09352517127990723, "passed": false}, "17": {"execution_time": 0.10587573051452637, "passed": false}, "18": {"execution_time": 0.0863337516784668, "passed": false}, "19": {"execution_time": 0.12871742248535156, "passed": false}, "20": {"execution_time": 0.06717562675476074, "passed": false}, "21": {"execution_time": 0.06823205947875977, "passed": false}, "22": {"execution_time": 0.11698150634765625, "passed": false}, "23": {"execution_time": 0.07897138595581055, "passed": false}, "24": {"execution_time": 0.08321118354797363, "passed": false}}}, "pylint_score": "-1/10"}