{"version": "1", "message": "ERROR: Hidden Testcases server unreachable.", "problem_id": "cspp1_m10_a1_1", "user_id": "saad181", "score": {"sample": {"0": {"execution_time": 0.10599780082702637, "passed": false}, "1": {"execution_time": 0.04686260223388672, "passed": true}, "2": {"execution_time": 0.04686307907104492, "passed": true}, "3": {"execution_time": 0.04686594009399414, "passed": true}, "4": {"execution_time": 0.046863555908203125, "passed": true}, "5": {"execution_time": 0.04686450958251953, "passed": false}, "6": {"execution_time": 0.04686284065246582, "passed": true}, "7": {"execution_time": 0.0624849796295166, "passed": true}, "8": {"execution_time": 0.046864986419677734, "passed": true}, "9": {"execution_time": 0.062494754791259766, "passed": false}, "10": {"execution_time": 0.04686093330383301, "passed": true}, "11": {"execution_time": 0.06247854232788086, "passed": true}, "12": {"execution_time": 0.04686450958251953, "passed": true}, "13": {"execution_time": 0.04686284065246582, "passed": false}, "14": {"execution_time": 0.0624849796295166, "passed": false}, "15": {"execution_time": 0.04686594009399414, "passed": false}, "16": {"execution_time": 0.046865224838256836, "passed": false}, "17": {"execution_time": 0.05428433418273926, "passed": false}, "18": {"execution_time": 0.03950929641723633, "passed": false}, "19": {"execution_time": 0.062485694885253906, "passed": false}, "20": {"execution_time": 0.06248617172241211, "passed": false}, "21": {"execution_time": 0.0624847412109375, "passed": false}, "22": {"execution_time": 0.046863555908203125, "passed": false}, "23": {"execution_time": 0.04686474800109863, "passed": false}, "24": {"execution_time": 0.04686403274536133, "passed": false}}}, "pylint_score": "4/10"}