{"version": "1", "message": "ERROR: Hidden Testcases server unreachable.", "problem_id": "cspp1_m10_a1_1", "user_id": "saad181", "score": {"sample": {"0": {"execution_time": 0.06890082359313965, "passed": true}, "1": {"execution_time": 0.0647435188293457, "passed": true}, "2": {"execution_time": 0.06421399116516113, "passed": true}, "3": {"execution_time": 0.06995177268981934, "passed": true}, "4": {"execution_time": 0.07252907752990723, "passed": true}, "5": {"execution_time": 0.06276321411132812, "passed": true}, "6": {"execution_time": 0.0659644603729248, "passed": true}, "7": {"execution_time": 0.0569758415222168, "passed": true}, "8": {"execution_time": 0.06472396850585938, "passed": true}, "9": {"execution_time": 0.10692644119262695, "passed": true}, "10": {"execution_time": 0.07395267486572266, "passed": true}, "11": {"execution_time": 0.08600449562072754, "passed": true}, "12": {"execution_time": 0.06700873374938965, "passed": true}, "13": {"execution_time": 0.07695293426513672, "passed": true}, "14": {"execution_time": 0.08768343925476074, "passed": true}, "15": {"execution_time": 0.10620498657226562, "passed": true}, "16": {"execution_time": 0.0680241584777832, "passed": true}, "17": {"execution_time": 0.08907890319824219, "passed": true}, "18": {"execution_time": 0.06586027145385742, "passed": true}, "19": {"execution_time": 0.06801724433898926, "passed": true}, "20": {"execution_time": 0.07254791259765625, "passed": true}, "21": {"execution_time": 0.0691978931427002, "passed": true}, "22": {"execution_time": 0.07008552551269531, "passed": true}, "23": {"execution_time": 0.0757131576538086, "passed": true}, "24": {"execution_time": 0.06906390190124512, "passed": true}}}, "pylint_score": "4/10"}