{"version": "1", "message": "ERROR: Hidden Testcases server unreachable.", "problem_id": "cspp1_m10_a1_1", "user_id": "saad181", "score": {"sample": {"0": {"execution_time": 0.17177200317382812, "passed": false}, "1": {"execution_time": 0.04686236381530762, "passed": false}, "2": {"execution_time": 0.04686284065246582, "passed": false}, "3": {"execution_time": 0.04686474800109863, "passed": false}, "4": {"execution_time": 0.04686403274536133, "passed": false}, "5": {"execution_time": 0.046866655349731445, "passed": false}, "6": {"execution_time": 0.046892404556274414, "passed": false}, "7": {"execution_time": 0.05375814437866211, "passed": false}, "8": {"execution_time": 0.038652896881103516, "passed": false}, "9": {"execution_time": 0.06247258186340332, "passed": false}, "10": {"execution_time": 0.049446821212768555, "passed": false}, "11": {"execution_time": 0.04689764976501465, "passed": false}, "12": {"execution_time": 0.04683041572570801, "passed": false}, "13": {"execution_time": 0.04686164855957031, "passed": false}, "14": {"execution_time": 0.0624852180480957, "passed": false}, "15": {"execution_time": 0.04686427116394043, "passed": false}, "16": {"execution_time": 0.04686450958251953, "passed": false}, "17": {"execution_time": 0.04687023162841797, "passed": false}, "18": {"execution_time": 0.03126692771911621, "passed": false}, "19": {"execution_time": 0.04686760902404785, "passed": false}, "20": {"execution_time": 0.046863555908203125, "passed": false}, "21": {"execution_time": 0.062494516372680664, "passed": false}, "22": {"execution_time": 0.04685235023498535, "passed": false}, "23": {"execution_time": 0.04686570167541504, "passed": false}, "24": {"execution_time": 0.04686307907104492, "passed": false}}}, "pylint_score": "0/0"}