{"version": "1", "message": "ERROR: Hidden Testcases server unreachable.", "problem_id": "cspp1_m10_a1_1", "user_id": "saad181", "score": {"sample": {"0": {"execution_time": 0.10925817489624023, "passed": false}, "1": {"execution_time": 0.04686093330383301, "passed": false}, "2": {"execution_time": 0.046858787536621094, "passed": false}, "3": {"execution_time": 0.06184053421020508, "passed": false}, "4": {"execution_time": 0.04695916175842285, "passed": false}, "5": {"execution_time": 0.0541536808013916, "passed": false}, "6": {"execution_time": 0.03871011734008789, "passed": true}, "7": {"execution_time": 0.06171298027038574, "passed": false}, "8": {"execution_time": 0.04686450958251953, "passed": false}, "9": {"execution_time": 0.0624845027923584, "passed": false}, "10": {"execution_time": 0.04686427116394043, "passed": true}, "11": {"execution_time": 0.04686450958251953, "passed": true}, "12": {"execution_time": 0.04686594009399414, "passed": false}, "13": {"execution_time": 0.04686236381530762, "passed": false}, "14": {"execution_time": 0.04686546325683594, "passed": false}, "15": {"execution_time": 0.0469052791595459, "passed": false}, "16": {"execution_time": 0.046851396560668945, "passed": false}, "17": {"execution_time": 0.04683279991149902, "passed": false}, "18": {"execution_time": 0.04689455032348633, "passed": false}, "19": {"execution_time": 0.04686450958251953, "passed": false}, "20": {"execution_time": 0.04686403274536133, "passed": false}, "21": {"execution_time": 0.04686379432678223, "passed": false}, "22": {"execution_time": 0.04686450958251953, "passed": false}, "23": {"execution_time": 0.04686450958251953, "passed": false}, "24": {"execution_time": 0.049852609634399414, "passed": false}}}, "pylint_score": "3/10"}