{"version": "1", "message": "ERROR: Hidden Testcases server unreachable.", "problem_id": "cspp1_m10_a1_1", "user_id": "saad181", "score": {"sample": {"0": {"execution_time": 0.11521625518798828, "passed": true}, "1": {"execution_time": 0.061833858489990234, "passed": false}, "2": {"execution_time": 0.07506442070007324, "passed": false}, "3": {"execution_time": 0.06389069557189941, "passed": false}, "4": {"execution_time": 0.06983375549316406, "passed": false}, "5": {"execution_time": 0.06312775611877441, "passed": false}, "6": {"execution_time": 0.05687117576599121, "passed": false}, "7": {"execution_time": 0.08614468574523926, "passed": false}, "8": {"execution_time": 0.14387965202331543, "passed": false}, "9": {"execution_time": 0.07923460006713867, "passed": false}, "10": {"execution_time": 0.4583163261413574, "passed": false}, "11": {"execution_time": 0.07234811782836914, "passed": false}, "12": {"execution_time": 0.08870053291320801, "passed": false}, "13": {"execution_time": 0.09661436080932617, "passed": false}, "14": {"execution_time": 0.10693860054016113, "passed": false}, "15": {"execution_time": 0.06787610054016113, "passed": false}, "16": {"execution_time": 0.07093286514282227, "passed": true}, "17": {"execution_time": 0.06318521499633789, "passed": true}, "18": {"execution_time": 0.06700563430786133, "passed": true}, "19": {"execution_time": 0.06584739685058594, "passed": false}, "20": {"execution_time": 0.0634913444519043, "passed": true}, "21": {"execution_time": 0.06828117370605469, "passed": false}, "22": {"execution_time": 0.07372498512268066, "passed": false}, "23": {"execution_time": 0.0653085708618164, "passed": false}, "24": {"execution_time": 0.08407044410705566, "passed": false}}}, "pylint_score": "-3/10"}