{"version": "1", "message": "ERROR: Hidden Testcases server unreachable.", "problem_id": "cspp1_m10_a1_1", "user_id": "saad181", "score": {"sample": {"0": {"execution_time": 0.10863232612609863, "passed": true}, "1": {"execution_time": 0.049764394760131836, "passed": false}, "2": {"execution_time": 0.05011296272277832, "passed": false}, "3": {"execution_time": 0.04967355728149414, "passed": false}, "4": {"execution_time": 0.04848599433898926, "passed": false}, "5": {"execution_time": 0.05992865562438965, "passed": false}, "6": {"execution_time": 0.05424141883850098, "passed": false}, "7": {"execution_time": 0.07758760452270508, "passed": false}, "8": {"execution_time": 0.12418079376220703, "passed": false}, "9": {"execution_time": 0.17138910293579102, "passed": false}, "10": {"execution_time": 0.07883453369140625, "passed": false}, "11": {"execution_time": 0.08509373664855957, "passed": false}, "12": {"execution_time": 0.055904388427734375, "passed": false}, "13": {"execution_time": 0.05109214782714844, "passed": false}, "14": {"execution_time": 0.05230832099914551, "passed": false}, "15": {"execution_time": 0.048798561096191406, "passed": false}, "16": {"execution_time": 0.04915666580200195, "passed": true}, "17": {"execution_time": 0.049904584884643555, "passed": true}, "18": {"execution_time": 0.05081534385681152, "passed": true}, "19": {"execution_time": 0.049752235412597656, "passed": false}, "20": {"execution_time": 0.0483551025390625, "passed": true}, "21": {"execution_time": 0.05002427101135254, "passed": false}, "22": {"execution_time": 0.05308246612548828, "passed": false}, "23": {"execution_time": 0.049368858337402344, "passed": false}, "24": {"execution_time": 0.048924922943115234, "passed": false}}}, "pylint_score": "-3/10"}