{"version": "1", "message": "ERROR: Hidden Testcases server unreachable.", "problem_id": "cspp1_m10_a1_1", "user_id": "saad181", "score": {"sample": {"0": {"execution_time": 0.11639261245727539, "passed": false}, "1": {"execution_time": 0.05684852600097656, "passed": false}, "2": {"execution_time": 0.0563662052154541, "passed": false}, "3": {"execution_time": 0.049866676330566406, "passed": false}, "4": {"execution_time": 0.05385589599609375, "passed": false}, "5": {"execution_time": 0.046863555908203125, "passed": false}, "6": {"execution_time": 0.04587745666503906, "passed": false}, "7": {"execution_time": 0.04788708686828613, "passed": false}, "8": {"execution_time": 0.048854827880859375, "passed": false}, "9": {"execution_time": 0.04987335205078125, "passed": false}, "10": {"execution_time": 0.08178091049194336, "passed": false}, "11": {"execution_time": 0.05285763740539551, "passed": false}, "12": {"execution_time": 0.05485224723815918, "passed": false}, "13": {"execution_time": 0.046874046325683594, "passed": false}, "14": {"execution_time": 0.051863908767700195, "passed": false}, "15": {"execution_time": 0.06987595558166504, "passed": false}, "16": {"execution_time": 0.1864945888519287, "passed": false}, "17": {"execution_time": 0.09674668312072754, "passed": false}, "18": {"execution_time": 0.06482529640197754, "passed": false}, "19": {"execution_time": 0.07075333595275879, "passed": false}, "20": {"execution_time": 0.07779407501220703, "passed": false}, "21": {"execution_time": 0.08577084541320801, "passed": false}, "22": {"execution_time": 0.057845115661621094, "passed": false}, "23": {"execution_time": 0.0660543441772461, "passed": false}, "24": {"execution_time": 0.060843467712402344, "passed": false}}}, "pylint_score": "0/0"}