{"version": "1", "message": "ERROR: Hidden Testcases server unreachable.", "problem_id": "cspp1_m10_a1_1", "user_id": "saad181", "score": {"sample": {"0": {"execution_time": 0.12264060974121094, "passed": false}, "1": {"execution_time": 0.08477234840393066, "passed": false}, "2": {"execution_time": 0.08507585525512695, "passed": false}, "3": {"execution_time": 0.08976364135742188, "passed": false}, "4": {"execution_time": 0.08477234840393066, "passed": false}, "5": {"execution_time": 0.07878780364990234, "passed": false}, "6": {"execution_time": 0.07779335975646973, "passed": false}, "7": {"execution_time": 0.24235081672668457, "passed": false}, "8": {"execution_time": 0.07579994201660156, "passed": false}, "9": {"execution_time": 0.07679343223571777, "passed": false}, "10": {"execution_time": 0.0777902603149414, "passed": false}, "11": {"execution_time": 0.09080266952514648, "passed": false}, "12": {"execution_time": 0.07480049133300781, "passed": false}, "13": {"execution_time": 0.0757761001586914, "passed": false}, "14": {"execution_time": 0.07878923416137695, "passed": false}, "15": {"execution_time": 0.07380127906799316, "passed": false}, "16": {"execution_time": 0.08078598976135254, "passed": false}, "17": {"execution_time": 0.0767984390258789, "passed": false}, "18": {"execution_time": 0.07579398155212402, "passed": false}, "19": {"execution_time": 0.07712101936340332, "passed": false}, "20": {"execution_time": 0.07680225372314453, "passed": false}, "21": {"execution_time": 0.07779145240783691, "passed": false}, "22": {"execution_time": 0.07779288291931152, "passed": false}, "23": {"execution_time": 0.08976435661315918, "passed": false}, "24": {"execution_time": 0.06581830978393555, "passed": false}}}, "pylint_score": "-5/10"}