{"version": "1", "message": "ERROR: Hidden Testcases server unreachable.", "problem_id": "cspp1_m10_a1_1", "user_id": "saad181", "score": {"sample": {"0": {"execution_time": 0.14049172401428223, "passed": false}, "1": {"execution_time": 0.04686427116394043, "passed": true}, "2": {"execution_time": 0.062487125396728516, "passed": true}, "3": {"execution_time": 0.046894073486328125, "passed": true}, "4": {"execution_time": 0.04683542251586914, "passed": true}, "5": {"execution_time": 0.046860456466674805, "passed": false}, "6": {"execution_time": 0.04686403274536133, "passed": true}, "7": {"execution_time": 0.04686403274536133, "passed": true}, "8": {"execution_time": 0.049663543701171875, "passed": true}, "9": {"execution_time": 0.062486886978149414, "passed": false}, "10": {"execution_time": 0.046864986419677734, "passed": true}, "11": {"execution_time": 0.04686260223388672, "passed": true}, "12": {"execution_time": 0.03127479553222656, "passed": true}, "13": {"execution_time": 0.03124547004699707, "passed": false}, "14": {"execution_time": 0.04686331748962402, "passed": false}, "15": {"execution_time": 0.04686164855957031, "passed": false}, "16": {"execution_time": 0.04689526557922363, "passed": false}, "17": {"execution_time": 0.04683375358581543, "passed": false}, "18": {"execution_time": 0.046896934509277344, "passed": false}, "19": {"execution_time": 0.04683041572570801, "passed": false}, "20": {"execution_time": 0.04689526557922363, "passed": false}, "21": {"execution_time": 0.04683518409729004, "passed": false}, "22": {"execution_time": 0.04689311981201172, "passed": false}, "23": {"execution_time": 0.046834707260131836, "passed": false}, "24": {"execution_time": 0.04686403274536133, "passed": false}}}, "pylint_score": "1/10"}