{"version": "1", "message": "ERROR: Hidden Testcases server unreachable.", "problem_id": "cspp1_m10_a1_1", "user_id": "saad181", "score": {"sample": {"0": {"execution_time": 0.11366558074951172, "passed": true}, "1": {"execution_time": 0.06453180313110352, "passed": true}, "2": {"execution_time": 0.06190919876098633, "passed": true}, "3": {"execution_time": 0.062070369720458984, "passed": true}, "4": {"execution_time": 0.06405067443847656, "passed": true}, "5": {"execution_time": 0.06218290328979492, "passed": true}, "6": {"execution_time": 0.057488203048706055, "passed": true}, "7": {"execution_time": 0.08084559440612793, "passed": true}, "8": {"execution_time": 0.052994728088378906, "passed": true}, "9": {"execution_time": 0.05497097969055176, "passed": true}, "10": {"execution_time": 0.10428857803344727, "passed": true}, "11": {"execution_time": 0.08475446701049805, "passed": true}, "12": {"execution_time": 0.0803534984588623, "passed": true}, "13": {"execution_time": 0.0665273666381836, "passed": true}, "14": {"execution_time": 0.06837749481201172, "passed": true}, "15": {"execution_time": 0.06693077087402344, "passed": true}, "16": {"execution_time": 0.06251168251037598, "passed": true}, "17": {"execution_time": 0.05164599418640137, "passed": true}, "18": {"execution_time": 0.04949641227722168, "passed": true}, "19": {"execution_time": 0.05163073539733887, "passed": true}, "20": {"execution_time": 0.04947924613952637, "passed": true}, "21": {"execution_time": 0.050382375717163086, "passed": true}, "22": {"execution_time": 0.051828861236572266, "passed": true}, "23": {"execution_time": 0.04983830451965332, "passed": true}, "24": {"execution_time": 0.050506591796875, "passed": true}}}, "pylint_score": "4/10"}