{"version": "1", "message": "ERROR: Hidden Testcases server unreachable.", "problem_id": "cspp1_m10_a1_1", "user_id": "saad181", "score": {"sample": {"0": {"execution_time": 0.28324365615844727, "passed": true}, "1": {"execution_time": 0.19803571701049805, "passed": false}, "2": {"execution_time": 0.1744382381439209, "passed": false}, "3": {"execution_time": 0.18449974060058594, "passed": false}, "4": {"execution_time": 0.1545858383178711, "passed": false}, "5": {"execution_time": 0.15059542655944824, "passed": false}, "6": {"execution_time": 0.16261672973632812, "passed": false}, "7": {"execution_time": 0.15061450004577637, "passed": false}, "8": {"execution_time": 0.15956783294677734, "passed": false}, "9": {"execution_time": 0.19613146781921387, "passed": false}, "10": {"execution_time": 0.1535806655883789, "passed": false}, "11": {"execution_time": 0.18003392219543457, "passed": false}, "12": {"execution_time": 0.14261698722839355, "passed": false}, "13": {"execution_time": 0.1351146697998047, "passed": false}, "14": {"execution_time": 0.13164782524108887, "passed": false}, "15": {"execution_time": 0.13962149620056152, "passed": false}, "16": {"execution_time": 0.1441481113433838, "passed": false}, "17": {"execution_time": 0.15658092498779297, "passed": true}, "18": {"execution_time": 0.16401410102844238, "passed": false}, "19": {"execution_time": 0.17752695083618164, "passed": false}, "20": {"execution_time": 0.16122841835021973, "passed": true}, "21": {"execution_time": 0.16408085823059082, "passed": false}, "22": {"execution_time": 0.15011310577392578, "passed": false}, "23": {"execution_time": 0.14261651039123535, "passed": false}, "24": {"execution_time": 0.13762402534484863, "passed": false}}}, "pylint_score": "-3/10"}