{"version": "1", "message": "ERROR: Hidden Testcases server unreachable.", "problem_id": "cspp1_m10_a1_1", "user_id": "saad181", "score": {"sample": {"0": {"execution_time": 0.1870110034942627, "passed": true}, "1": {"execution_time": 0.14309287071228027, "passed": false}, "2": {"execution_time": 0.13941073417663574, "passed": false}, "3": {"execution_time": 0.14212965965270996, "passed": false}, "4": {"execution_time": 0.06982803344726562, "passed": false}, "5": {"execution_time": 0.05668973922729492, "passed": false}, "6": {"execution_time": 0.05396723747253418, "passed": false}, "7": {"execution_time": 0.39717984199523926, "passed": false}, "8": {"execution_time": 0.05578279495239258, "passed": false}, "9": {"execution_time": 0.05497145652770996, "passed": false}, "10": {"execution_time": 0.06384754180908203, "passed": false}, "11": {"execution_time": 0.0845651626586914, "passed": false}, "12": {"execution_time": 0.0648500919342041, "passed": false}, "13": {"execution_time": 0.046675920486450195, "passed": false}, "14": {"execution_time": 0.04864621162414551, "passed": false}, "15": {"execution_time": 0.04684734344482422, "passed": false}, "16": {"execution_time": 0.05027270317077637, "passed": true}, "17": {"execution_time": 0.04822826385498047, "passed": true}, "18": {"execution_time": 0.04995846748352051, "passed": true}, "19": {"execution_time": 0.050006866455078125, "passed": false}, "20": {"execution_time": 0.048235416412353516, "passed": true}, "21": {"execution_time": 0.049189090728759766, "passed": false}, "22": {"execution_time": 0.04886484146118164, "passed": false}, "23": {"execution_time": 0.04846906661987305, "passed": false}, "24": {"execution_time": 0.04896831512451172, "passed": false}}}, "pylint_score": "-3/10"}