{"version": "1", "message": "ERROR: Hidden Testcases server unreachable.", "problem_id": "cspp1_m10_a1_1", "user_id": "saad181", "score": {"sample": {"0": {"execution_time": 0.09894919395446777, "passed": true}, "1": {"execution_time": 0.04960823059082031, "passed": true}, "2": {"execution_time": 0.050115108489990234, "passed": false}, "3": {"execution_time": 0.04958796501159668, "passed": false}, "4": {"execution_time": 0.05126595497131348, "passed": false}, "5": {"execution_time": 0.05961346626281738, "passed": false}, "6": {"execution_time": 0.05042457580566406, "passed": false}, "7": {"execution_time": 0.050600528717041016, "passed": false}, "8": {"execution_time": 0.05081439018249512, "passed": false}, "9": {"execution_time": 0.0546877384185791, "passed": false}, "10": {"execution_time": 0.053113460540771484, "passed": false}, "11": {"execution_time": 0.05181288719177246, "passed": false}, "12": {"execution_time": 0.2634141445159912, "passed": false}, "13": {"execution_time": 0.07761526107788086, "passed": false}, "14": {"execution_time": 0.0840911865234375, "passed": false}, "15": {"execution_time": 0.08426380157470703, "passed": false}, "16": {"execution_time": 0.08863329887390137, "passed": true}, "17": {"execution_time": 0.05919909477233887, "passed": true}, "18": {"execution_time": 0.05073666572570801, "passed": true}, "19": {"execution_time": 0.05204010009765625, "passed": false}, "20": {"execution_time": 0.05086469650268555, "passed": true}, "21": {"execution_time": 0.05081534385681152, "passed": false}, "22": {"execution_time": 0.05131220817565918, "passed": false}, "23": {"execution_time": 0.05097055435180664, "passed": false}, "24": {"execution_time": 0.050989627838134766, "passed": false}}}, "pylint_score": "-3/10"}