{"version": "1", "message": "ERROR: Hidden Testcases server unreachable.", "problem_id": "cspp1_m10_a1_1", "user_id": "saad181", "score": {"sample": {"0": {"execution_time": 0.17149782180786133, "passed": false}, "1": {"execution_time": 0.0965273380279541, "passed": false}, "2": {"execution_time": 0.08845257759094238, "passed": false}, "3": {"execution_time": 0.09548068046569824, "passed": false}, "4": {"execution_time": 0.09080195426940918, "passed": false}, "5": {"execution_time": 0.10621953010559082, "passed": false}, "6": {"execution_time": 0.10633373260498047, "passed": false}, "7": {"execution_time": 0.11661672592163086, "passed": false}, "8": {"execution_time": 0.11065864562988281, "passed": false}, "9": {"execution_time": 0.10151171684265137, "passed": false}, "10": {"execution_time": 0.09566545486450195, "passed": false}, "11": {"execution_time": 0.09959936141967773, "passed": false}, "12": {"execution_time": 0.10279297828674316, "passed": false}, "13": {"execution_time": 0.0937807559967041, "passed": false}, "14": {"execution_time": 0.09250640869140625, "passed": false}, "15": {"execution_time": 0.09969902038574219, "passed": false}, "16": {"execution_time": 0.13883328437805176, "passed": false}, "17": {"execution_time": 0.11105823516845703, "passed": false}, "18": {"execution_time": 0.10999727249145508, "passed": false}, "19": {"execution_time": 0.1041860580444336, "passed": false}, "20": {"execution_time": 0.10807490348815918, "passed": false}, "21": {"execution_time": 0.10455965995788574, "passed": false}, "22": {"execution_time": 0.10518336296081543, "passed": false}, "23": {"execution_time": 0.09841179847717285, "passed": false}, "24": {"execution_time": 0.10039710998535156, "passed": false}}}, "pylint_score": "-5/10"}