{"version": "1", "message": "ERROR: Hidden Testcases server unreachable.", "problem_id": "cspp1_m10_a1_1", "user_id": "saad181", "score": {"sample": {"0": {"execution_time": 0.10237669944763184, "passed": false}, "1": {"execution_time": 0.0734553337097168, "passed": false}, "2": {"execution_time": 0.09284210205078125, "passed": false}, "3": {"execution_time": 0.07291889190673828, "passed": false}, "4": {"execution_time": 0.08055830001831055, "passed": false}, "5": {"execution_time": 0.07720565795898438, "passed": false}, "6": {"execution_time": 0.1341390609741211, "passed": false}, "7": {"execution_time": 0.07405209541320801, "passed": false}, "8": {"execution_time": 0.07906246185302734, "passed": false}, "9": {"execution_time": 0.07765460014343262, "passed": false}, "10": {"execution_time": 0.11269211769104004, "passed": false}, "11": {"execution_time": 0.0761101245880127, "passed": false}, "12": {"execution_time": 0.10046529769897461, "passed": false}, "13": {"execution_time": 0.07257366180419922, "passed": false}, "14": {"execution_time": 0.07730221748352051, "passed": false}, "15": {"execution_time": 0.08116269111633301, "passed": false}, "16": {"execution_time": 0.08875131607055664, "passed": false}, "17": {"execution_time": 0.14180946350097656, "passed": false}, "18": {"execution_time": 0.0873267650604248, "passed": false}, "19": {"execution_time": 0.09556865692138672, "passed": false}, "20": {"execution_time": 0.07788324356079102, "passed": false}, "21": {"execution_time": 0.10378074645996094, "passed": false}, "22": {"execution_time": 0.11447525024414062, "passed": false}, "23": {"execution_time": 0.08025717735290527, "passed": false}, "24": {"execution_time": 0.10561251640319824, "passed": false}}}, "pylint_score": "-1/10"}