{"version": "1", "message": "ERROR: Hidden Testcases server unreachable.", "problem_id": "cspp1_m10_a1_1", "user_id": "saad181", "score": {"sample": {"0": {"execution_time": 0.1120753288269043, "passed": true}, "1": {"execution_time": 0.06620645523071289, "passed": false}, "2": {"execution_time": 0.06943631172180176, "passed": false}, "3": {"execution_time": 0.07058000564575195, "passed": false}, "4": {"execution_time": 0.1347041130065918, "passed": false}, "5": {"execution_time": 0.07771062850952148, "passed": false}, "6": {"execution_time": 0.1415083408355713, "passed": false}, "7": {"execution_time": 0.07903003692626953, "passed": false}, "8": {"execution_time": 0.17284846305847168, "passed": false}, "9": {"execution_time": 0.08126020431518555, "passed": false}, "10": {"execution_time": 0.1141359806060791, "passed": false}, "11": {"execution_time": 0.11156821250915527, "passed": false}, "12": {"execution_time": 0.15126800537109375, "passed": false}, "13": {"execution_time": 0.08465218544006348, "passed": false}, "14": {"execution_time": 0.13942909240722656, "passed": false}, "15": {"execution_time": 0.07129216194152832, "passed": false}, "16": {"execution_time": 0.22493219375610352, "passed": false}, "17": {"execution_time": 0.11081361770629883, "passed": false}, "18": {"execution_time": 0.2228102684020996, "passed": false}, "19": {"execution_time": 0.1365816593170166, "passed": false}, "20": {"execution_time": 0.06923604011535645, "passed": false}, "21": {"execution_time": 0.17369318008422852, "passed": false}, "22": {"execution_time": 0.0777127742767334, "passed": false}, "23": {"execution_time": 0.1296236515045166, "passed": false}, "24": {"execution_time": 0.07307744026184082, "passed": false}}}, "pylint_score": "-1/10"}