{"version": "1", "message": "ERROR: Hidden Testcases server unreachable.", "problem_id": "cspp1_m10_a1_1", "user_id": "saad181", "score": {"sample": {"0": {"execution_time": 0.07878828048706055, "passed": true}, "1": {"execution_time": 0.056841373443603516, "passed": true}, "2": {"execution_time": 0.06683111190795898, "passed": false}, "3": {"execution_time": 0.049875736236572266, "passed": false}, "4": {"execution_time": 0.04985761642456055, "passed": false}, "5": {"execution_time": 0.051860809326171875, "passed": false}, "6": {"execution_time": 0.048867225646972656, "passed": false}, "7": {"execution_time": 0.04986763000488281, "passed": false}, "8": {"execution_time": 0.04985332489013672, "passed": false}, "9": {"execution_time": 0.04986453056335449, "passed": false}, "10": {"execution_time": 0.050863027572631836, "passed": false}, "11": {"execution_time": 0.04886674880981445, "passed": false}, "12": {"execution_time": 0.05086803436279297, "passed": false}, "13": {"execution_time": 0.04986453056335449, "passed": false}, "14": {"execution_time": 0.0498659610748291, "passed": false}, "15": {"execution_time": 0.04986715316772461, "passed": false}, "16": {"execution_time": 0.04986572265625, "passed": true}, "17": {"execution_time": 0.050864458084106445, "passed": true}, "18": {"execution_time": 0.048865556716918945, "passed": true}, "19": {"execution_time": 0.050864458084106445, "passed": false}, "20": {"execution_time": 0.05031752586364746, "passed": true}, "21": {"execution_time": 0.0498654842376709, "passed": false}, "22": {"execution_time": 0.04986572265625, "passed": false}, "23": {"execution_time": 0.04886913299560547, "passed": false}, "24": {"execution_time": 0.05085563659667969, "passed": false}}}, "pylint_score": "-3/10"}