{"version": "1", "message": "ERROR: Hidden Testcases server unreachable.", "problem_id": "cspp1_m10_a1_1", "user_id": "saad181", "score": {"sample": {"0": {"execution_time": 0.15059852600097656, "passed": true}, "1": {"execution_time": 0.049865007400512695, "passed": true}, "2": {"execution_time": 0.05086469650268555, "passed": false}, "3": {"execution_time": 0.05112051963806152, "passed": false}, "4": {"execution_time": 0.04884600639343262, "passed": false}, "5": {"execution_time": 0.04987287521362305, "passed": false}, "6": {"execution_time": 0.047872066497802734, "passed": false}, "7": {"execution_time": 0.04987525939941406, "passed": false}, "8": {"execution_time": 0.0788877010345459, "passed": false}, "9": {"execution_time": 0.04985666275024414, "passed": false}, "10": {"execution_time": 0.0528564453125, "passed": false}, "11": {"execution_time": 0.04986977577209473, "passed": false}, "12": {"execution_time": 0.24044132232666016, "passed": false}, "13": {"execution_time": 0.11867952346801758, "passed": false}, "14": {"execution_time": 0.06755876541137695, "passed": false}, "15": {"execution_time": 0.05297994613647461, "passed": false}, "16": {"execution_time": 0.07580065727233887, "passed": true}, "17": {"execution_time": 0.051851511001586914, "passed": true}, "18": {"execution_time": 0.08077311515808105, "passed": true}, "19": {"execution_time": 0.06084918975830078, "passed": false}, "20": {"execution_time": 0.04771256446838379, "passed": true}, "21": {"execution_time": 0.051863670349121094, "passed": false}, "22": {"execution_time": 0.04909873008728027, "passed": false}, "23": {"execution_time": 0.04887104034423828, "passed": false}, "24": {"execution_time": 0.05013322830200195, "passed": false}}}, "pylint_score": "-3/10"}