{"version": "1", "message": "ERROR: Hidden Testcases server unreachable.", "problem_id": "cspp1_m10_a1_1", "user_id": "saad181", "score": {"sample": {"0": {"execution_time": 0.0883474349975586, "passed": true}, "1": {"execution_time": 0.08378243446350098, "passed": true}, "2": {"execution_time": 0.08326339721679688, "passed": true}, "3": {"execution_time": 0.08668971061706543, "passed": true}, "4": {"execution_time": 0.08642387390136719, "passed": true}, "5": {"execution_time": 0.06997871398925781, "passed": true}, "6": {"execution_time": 0.15277099609375, "passed": true}, "7": {"execution_time": 0.052506208419799805, "passed": true}, "8": {"execution_time": 0.05959463119506836, "passed": true}, "9": {"execution_time": 0.2120053768157959, "passed": true}, "10": {"execution_time": 0.1228325366973877, "passed": true}, "11": {"execution_time": 0.08870959281921387, "passed": true}, "12": {"execution_time": 0.060120582580566406, "passed": true}, "13": {"execution_time": 0.058439016342163086, "passed": true}, "14": {"execution_time": 0.050246238708496094, "passed": true}, "15": {"execution_time": 0.04942440986633301, "passed": true}, "16": {"execution_time": 0.048944711685180664, "passed": true}, "17": {"execution_time": 0.049807071685791016, "passed": true}, "18": {"execution_time": 0.04956507682800293, "passed": true}, "19": {"execution_time": 0.05171775817871094, "passed": true}, "20": {"execution_time": 0.04945039749145508, "passed": true}, "21": {"execution_time": 0.05155324935913086, "passed": true}, "22": {"execution_time": 0.05268216133117676, "passed": true}, "23": {"execution_time": 0.05132555961608887, "passed": true}, "24": {"execution_time": 0.04993939399719238, "passed": true}}}, "pylint_score": "4/10"}