{"version": "1", "message": "ERROR: Hidden Testcases server unreachable.", "problem_id": "cspp1_m10_a1_1", "user_id": "saad181", "score": {"sample": {"0": {"execution_time": 0.13480162620544434, "passed": true}, "1": {"execution_time": 0.09319663047790527, "passed": true}, "2": {"execution_time": 0.07521438598632812, "passed": true}, "3": {"execution_time": 0.45801734924316406, "passed": true}, "4": {"execution_time": 0.09944748878479004, "passed": true}, "5": {"execution_time": 0.07706379890441895, "passed": true}, "6": {"execution_time": 0.09367179870605469, "passed": true}, "7": {"execution_time": 0.07479166984558105, "passed": true}, "8": {"execution_time": 0.08545136451721191, "passed": true}, "9": {"execution_time": 0.06494450569152832, "passed": true}, "10": {"execution_time": 0.07988929748535156, "passed": true}, "11": {"execution_time": 0.07490873336791992, "passed": true}, "12": {"execution_time": 0.07201743125915527, "passed": true}, "13": {"execution_time": 0.06016683578491211, "passed": true}, "14": {"execution_time": 0.07747960090637207, "passed": true}, "15": {"execution_time": 0.06856513023376465, "passed": true}, "16": {"execution_time": 0.06648969650268555, "passed": true}, "17": {"execution_time": 0.07078766822814941, "passed": true}, "18": {"execution_time": 0.06081652641296387, "passed": true}, "19": {"execution_time": 0.06690192222595215, "passed": true}, "20": {"execution_time": 0.07676553726196289, "passed": true}, "21": {"execution_time": 0.06386923789978027, "passed": true}, "22": {"execution_time": 0.08220195770263672, "passed": true}, "23": {"execution_time": 0.06590652465820312, "passed": true}, "24": {"execution_time": 0.05984139442443848, "passed": true}}}, "pylint_score": "4/10"}