{"version": "1", "message": "ERROR: Hidden Testcases server unreachable.", "problem_id": "cspp1_m10_a1_1", "user_id": "saad181", "score": {"sample": {"0": {"execution_time": 0.5141706466674805, "passed": false}, "1": {"execution_time": 0.04686474800109863, "passed": false}, "2": {"execution_time": 0.046863555908203125, "passed": false}, "3": {"execution_time": 0.03127551078796387, "passed": false}, "4": {"execution_time": 0.03124547004699707, "passed": false}, "5": {"execution_time": 0.046892642974853516, "passed": false}, "6": {"execution_time": 0.031243562698364258, "passed": false}, "7": {"execution_time": 0.04689311981201172, "passed": false}, "8": {"execution_time": 0.04683279991149902, "passed": false}, "9": {"execution_time": 0.04686689376831055, "passed": false}, "10": {"execution_time": 0.062482357025146484, "passed": false}, "11": {"execution_time": 0.04689908027648926, "passed": false}, "12": {"execution_time": 0.04686236381530762, "passed": false}, "13": {"execution_time": 0.046861886978149414, "passed": false}, "14": {"execution_time": 0.0468442440032959, "passed": false}, "15": {"execution_time": 0.04688429832458496, "passed": false}, "16": {"execution_time": 0.05304408073425293, "passed": false}, "17": {"execution_time": 0.04150748252868652, "passed": false}, "18": {"execution_time": 0.04683637619018555, "passed": false}, "19": {"execution_time": 0.04686331748962402, "passed": false}, "20": {"execution_time": 0.04686331748962402, "passed": false}, "21": {"execution_time": 0.046863555908203125, "passed": false}, "22": {"execution_time": 0.04686474800109863, "passed": false}, "23": {"execution_time": 0.06248903274536133, "passed": false}, "24": {"execution_time": 0.0468592643737793, "passed": false}}}, "pylint_score": "2/10"}