{"version": "1", "message": "ERROR: Hidden Testcases server unreachable.", "problem_id": "cspp1_m10_a1_1", "user_id": "saad181", "score": {"sample": {"0": {"execution_time": 0.3201444149017334, "passed": true}, "1": {"execution_time": 0.04987621307373047, "passed": true}, "2": {"execution_time": 0.047870635986328125, "passed": false}, "3": {"execution_time": 0.048877716064453125, "passed": false}, "4": {"execution_time": 0.046872854232788086, "passed": false}, "5": {"execution_time": 0.048867225646972656, "passed": false}, "6": {"execution_time": 0.04886889457702637, "passed": false}, "7": {"execution_time": 0.058843374252319336, "passed": false}, "8": {"execution_time": 0.0508732795715332, "passed": false}, "9": {"execution_time": 0.0738682746887207, "passed": false}, "10": {"execution_time": 0.055853843688964844, "passed": false}, "11": {"execution_time": 0.08576107025146484, "passed": false}, "12": {"execution_time": 0.06583476066589355, "passed": false}, "13": {"execution_time": 0.06482887268066406, "passed": false}, "14": {"execution_time": 0.05514669418334961, "passed": false}, "15": {"execution_time": 0.050865888595581055, "passed": false}, "16": {"execution_time": 0.04886913299560547, "passed": false}, "17": {"execution_time": 0.047873497009277344, "passed": true}, "18": {"execution_time": 0.04987621307373047, "passed": false}, "19": {"execution_time": 0.05085587501525879, "passed": false}, "20": {"execution_time": 0.04886817932128906, "passed": true}, "21": {"execution_time": 0.049837589263916016, "passed": false}, "22": {"execution_time": 0.04984927177429199, "passed": false}, "23": {"execution_time": 0.05087161064147949, "passed": false}, "24": {"execution_time": 0.04986715316772461, "passed": false}}}, "pylint_score": "-3/10"}