{"version": "1", "message": "ERROR: Hidden Testcases server unreachable.", "problem_id": "cspp1_m10_a1_1", "user_id": "saad181", "score": {"sample": {"0": {"execution_time": 0.04985356330871582, "passed": true}, "1": {"execution_time": 0.04889082908630371, "passed": true}, "2": {"execution_time": 0.04845595359802246, "passed": true}, "3": {"execution_time": 0.04685163497924805, "passed": true}, "4": {"execution_time": 0.05054211616516113, "passed": true}, "5": {"execution_time": 0.052799224853515625, "passed": true}, "6": {"execution_time": 0.07121515274047852, "passed": true}, "7": {"execution_time": 0.05197882652282715, "passed": true}, "8": {"execution_time": 0.05523395538330078, "passed": true}, "9": {"execution_time": 0.0666961669921875, "passed": true}, "10": {"execution_time": 0.05289316177368164, "passed": true}, "11": {"execution_time": 0.07253861427307129, "passed": true}, "12": {"execution_time": 0.048803091049194336, "passed": true}, "13": {"execution_time": 0.048485755920410156, "passed": true}, "14": {"execution_time": 0.04944562911987305, "passed": true}, "15": {"execution_time": 0.05011701583862305, "passed": true}, "16": {"execution_time": 0.04790019989013672, "passed": true}, "17": {"execution_time": 0.04956984519958496, "passed": true}, "18": {"execution_time": 0.05498242378234863, "passed": true}, "19": {"execution_time": 0.058028459548950195, "passed": true}, "20": {"execution_time": 0.049590349197387695, "passed": true}, "21": {"execution_time": 0.05143618583679199, "passed": true}, "22": {"execution_time": 0.05010652542114258, "passed": true}, "23": {"execution_time": 0.04968690872192383, "passed": true}, "24": {"execution_time": 0.051737308502197266, "passed": true}}}, "pylint_score": "4/10"}