{"version": "1", "message": "ERROR: Hidden Testcases server unreachable.", "problem_id": "cspp1_m10_a1_1", "user_id": "saad181", "score": {"sample": {"0": {"execution_time": 0.09788322448730469, "passed": true}, "1": {"execution_time": 0.05027937889099121, "passed": true}, "2": {"execution_time": 0.04889678955078125, "passed": false}, "3": {"execution_time": 0.04905366897583008, "passed": false}, "4": {"execution_time": 0.05370473861694336, "passed": false}, "5": {"execution_time": 0.05532360076904297, "passed": false}, "6": {"execution_time": 0.13590192794799805, "passed": false}, "7": {"execution_time": 0.05188584327697754, "passed": false}, "8": {"execution_time": 0.05408978462219238, "passed": false}, "9": {"execution_time": 0.0710291862487793, "passed": false}, "10": {"execution_time": 0.08009958267211914, "passed": false}, "11": {"execution_time": 0.07780265808105469, "passed": false}, "12": {"execution_time": 0.05032205581665039, "passed": false}, "13": {"execution_time": 0.1663684844970703, "passed": false}, "14": {"execution_time": 0.0883638858795166, "passed": false}, "15": {"execution_time": 0.05140972137451172, "passed": false}, "16": {"execution_time": 0.050726890563964844, "passed": true}, "17": {"execution_time": 0.04963827133178711, "passed": true}, "18": {"execution_time": 0.05045819282531738, "passed": true}, "19": {"execution_time": 0.05266141891479492, "passed": false}, "20": {"execution_time": 0.05099654197692871, "passed": true}, "21": {"execution_time": 0.051488399505615234, "passed": false}, "22": {"execution_time": 0.05187821388244629, "passed": false}, "23": {"execution_time": 0.04973864555358887, "passed": false}, "24": {"execution_time": 0.05161547660827637, "passed": false}}}, "pylint_score": "-3/10"}