{"version": "1", "message": "ERROR: Hidden Testcases server unreachable.", "problem_id": "cspp1_m10_a1_1", "user_id": "saad181", "score": {"sample": {"0": {"execution_time": 0.29321765899658203, "passed": false}, "1": {"execution_time": 0.0987396240234375, "passed": false}, "2": {"execution_time": 0.0668182373046875, "passed": false}, "3": {"execution_time": 0.050864458084106445, "passed": false}, "4": {"execution_time": 0.050864458084106445, "passed": false}, "5": {"execution_time": 0.052858591079711914, "passed": false}, "6": {"execution_time": 0.05186152458190918, "passed": false}, "7": {"execution_time": 0.04986906051635742, "passed": false}, "8": {"execution_time": 0.051862478256225586, "passed": false}, "9": {"execution_time": 0.058843135833740234, "passed": false}, "10": {"execution_time": 0.05186009407043457, "passed": false}, "11": {"execution_time": 0.05485367774963379, "passed": false}, "12": {"execution_time": 0.0548558235168457, "passed": false}, "13": {"execution_time": 0.058838844299316406, "passed": false}, "14": {"execution_time": 0.05186057090759277, "passed": false}, "15": {"execution_time": 0.04987192153930664, "passed": false}, "16": {"execution_time": 0.047869205474853516, "passed": false}, "17": {"execution_time": 0.049869537353515625, "passed": false}, "18": {"execution_time": 0.05784296989440918, "passed": false}, "19": {"execution_time": 0.05884289741516113, "passed": false}, "20": {"execution_time": 0.05685138702392578, "passed": false}, "21": {"execution_time": 0.05286049842834473, "passed": false}, "22": {"execution_time": 0.052858829498291016, "passed": false}, "23": {"execution_time": 0.054856061935424805, "passed": false}, "24": {"execution_time": 0.05086350440979004, "passed": false}}}, "pylint_score": "0/0"}