{"version": "1", "message": "ERROR: Hidden Testcases server unreachable.", "problem_id": "cspp1_m10_a1_1", "user_id": "saad181", "score": {"sample": {"0": {"execution_time": 0.04972958564758301, "passed": true}, "1": {"execution_time": 0.049997806549072266, "passed": true}, "2": {"execution_time": 0.047991275787353516, "passed": true}, "3": {"execution_time": 0.04998421669006348, "passed": true}, "4": {"execution_time": 0.048255205154418945, "passed": true}, "5": {"execution_time": 0.049040794372558594, "passed": true}, "6": {"execution_time": 0.04988574981689453, "passed": true}, "7": {"execution_time": 0.04945945739746094, "passed": true}, "8": {"execution_time": 0.04865097999572754, "passed": true}, "9": {"execution_time": 0.04966568946838379, "passed": true}, "10": {"execution_time": 0.05106019973754883, "passed": true}, "11": {"execution_time": 0.07405924797058105, "passed": true}, "12": {"execution_time": 0.05608654022216797, "passed": true}, "13": {"execution_time": 0.06518888473510742, "passed": true}, "14": {"execution_time": 0.07668852806091309, "passed": true}, "15": {"execution_time": 0.053025245666503906, "passed": true}, "16": {"execution_time": 0.07129669189453125, "passed": true}, "17": {"execution_time": 0.05514049530029297, "passed": true}, "18": {"execution_time": 0.05780673027038574, "passed": true}, "19": {"execution_time": 0.051169395446777344, "passed": true}, "20": {"execution_time": 0.049597978591918945, "passed": true}, "21": {"execution_time": 0.05045676231384277, "passed": true}, "22": {"execution_time": 0.05131101608276367, "passed": true}, "23": {"execution_time": 0.05015873908996582, "passed": true}, "24": {"execution_time": 0.05014657974243164, "passed": true}}}, "pylint_score": "4/10"}