{"version": "1", "message": "ERROR: Hidden Testcases server unreachable.", "problem_id": "cspp1_m10_a1_1", "user_id": "saad181", "score": {"sample": {"0": {"execution_time": 0.22118663787841797, "passed": false}, "1": {"execution_time": 0.0890965461730957, "passed": false}, "2": {"execution_time": 0.07656455039978027, "passed": false}, "3": {"execution_time": 0.07562065124511719, "passed": false}, "4": {"execution_time": 0.08362579345703125, "passed": false}, "5": {"execution_time": 0.07750248908996582, "passed": false}, "6": {"execution_time": 0.08159947395324707, "passed": false}, "7": {"execution_time": 0.0974123477935791, "passed": false}, "8": {"execution_time": 0.06285476684570312, "passed": false}, "9": {"execution_time": 0.0735478401184082, "passed": false}, "10": {"execution_time": 0.08287882804870605, "passed": false}, "11": {"execution_time": 0.09615707397460938, "passed": false}, "12": {"execution_time": 0.07816648483276367, "passed": false}, "13": {"execution_time": 0.0921182632446289, "passed": false}, "14": {"execution_time": 0.07372331619262695, "passed": false}, "15": {"execution_time": 0.10800600051879883, "passed": false}, "16": {"execution_time": 0.08063101768493652, "passed": false}, "17": {"execution_time": 0.09975457191467285, "passed": false}, "18": {"execution_time": 0.0901343822479248, "passed": false}, "19": {"execution_time": 0.07635855674743652, "passed": false}, "20": {"execution_time": 0.10077047348022461, "passed": false}, "21": {"execution_time": 0.10719418525695801, "passed": false}, "22": {"execution_time": 0.07606267929077148, "passed": false}, "23": {"execution_time": 0.0794987678527832, "passed": false}, "24": {"execution_time": 0.07771754264831543, "passed": false}}}, "pylint_score": "-1/10"}