{"version": "1", "message": "ERROR: Hidden Testcases server unreachable.", "problem_id": "cspp1_m10_a1_1", "user_id": "saad181", "score": {"sample": {"0": {"execution_time": 0.1431581974029541, "passed": true}, "1": {"execution_time": 0.1041254997253418, "passed": true}, "2": {"execution_time": 0.1069648265838623, "passed": true}, "3": {"execution_time": 0.09302759170532227, "passed": true}, "4": {"execution_time": 0.07676887512207031, "passed": true}, "5": {"execution_time": 0.06892061233520508, "passed": true}, "6": {"execution_time": 0.2520592212677002, "passed": true}, "7": {"execution_time": 0.12187337875366211, "passed": true}, "8": {"execution_time": 0.13023018836975098, "passed": true}, "9": {"execution_time": 0.08093070983886719, "passed": true}, "10": {"execution_time": 0.04955267906188965, "passed": true}, "11": {"execution_time": 0.04986906051635742, "passed": true}, "12": {"execution_time": 0.04932594299316406, "passed": true}, "13": {"execution_time": 0.04895162582397461, "passed": true}, "14": {"execution_time": 0.0499117374420166, "passed": true}, "15": {"execution_time": 0.0513155460357666, "passed": true}, "16": {"execution_time": 0.05086660385131836, "passed": true}, "17": {"execution_time": 0.05031132698059082, "passed": true}, "18": {"execution_time": 0.04898381233215332, "passed": true}, "19": {"execution_time": 0.05181598663330078, "passed": true}, "20": {"execution_time": 0.04938149452209473, "passed": true}, "21": {"execution_time": 0.052733659744262695, "passed": true}, "22": {"execution_time": 0.0509800910949707, "passed": true}, "23": {"execution_time": 0.05041074752807617, "passed": true}, "24": {"execution_time": 0.04934835433959961, "passed": true}}}, "pylint_score": "4/10"}