{"version": "1", "message": "ERROR: Hidden Testcases server unreachable.", "problem_id": "cspp1_m10_a1_1", "user_id": "saad181", "score": {"sample": {"0": {"execution_time": 0.13965773582458496, "passed": false}, "1": {"execution_time": 0.07679462432861328, "passed": false}, "2": {"execution_time": 0.07576298713684082, "passed": false}, "3": {"execution_time": 0.07779264450073242, "passed": false}, "4": {"execution_time": 0.19846820831298828, "passed": false}, "5": {"execution_time": 0.09374690055847168, "passed": false}, "6": {"execution_time": 0.08776664733886719, "passed": false}, "7": {"execution_time": 0.09574365615844727, "passed": false}, "8": {"execution_time": 0.09873747825622559, "passed": false}, "9": {"execution_time": 0.12367105484008789, "passed": false}, "10": {"execution_time": 0.10372209548950195, "passed": false}, "11": {"execution_time": 0.07997250556945801, "passed": false}, "12": {"execution_time": 0.07735157012939453, "passed": false}, "13": {"execution_time": 0.0773019790649414, "passed": false}, "14": {"execution_time": 0.07799839973449707, "passed": false}, "15": {"execution_time": 0.07480072975158691, "passed": false}, "16": {"execution_time": 0.07878923416137695, "passed": false}, "17": {"execution_time": 0.08379173278808594, "passed": false}, "18": {"execution_time": 0.12865376472473145, "passed": false}, "19": {"execution_time": 0.07280373573303223, "passed": false}, "20": {"execution_time": 0.07779169082641602, "passed": false}, "21": {"execution_time": 0.07579803466796875, "passed": false}, "22": {"execution_time": 0.07779121398925781, "passed": false}, "23": {"execution_time": 0.07679605484008789, "passed": false}, "24": {"execution_time": 0.07679629325866699, "passed": false}}}, "pylint_score": "-4/10"}