{"version": "1", "message": "ERROR: Hidden Testcases server unreachable.", "problem_id": "cspp1_m10_a1_1", "user_id": "saad181", "score": {"sample": {"0": {"execution_time": 0.09369325637817383, "passed": false}, "1": {"execution_time": 0.04686379432678223, "passed": true}, "2": {"execution_time": 0.062485694885253906, "passed": true}, "3": {"execution_time": 0.046863555908203125, "passed": true}, "4": {"execution_time": 0.046863555908203125, "passed": true}, "5": {"execution_time": 0.04686427116394043, "passed": false}, "6": {"execution_time": 0.046864986419677734, "passed": true}, "7": {"execution_time": 0.04686450958251953, "passed": true}, "8": {"execution_time": 0.04689455032348633, "passed": true}, "9": {"execution_time": 0.046837806701660156, "passed": false}, "10": {"execution_time": 0.04689168930053711, "passed": true}, "11": {"execution_time": 0.04683065414428711, "passed": true}, "12": {"execution_time": 0.04689502716064453, "passed": true}, "13": {"execution_time": 0.046833038330078125, "passed": false}, "14": {"execution_time": 0.046895742416381836, "passed": false}, "15": {"execution_time": 0.0589594841003418, "passed": false}, "16": {"execution_time": 0.03471207618713379, "passed": false}, "17": {"execution_time": 0.04685330390930176, "passed": false}, "18": {"execution_time": 0.04689431190490723, "passed": false}, "19": {"execution_time": 0.04683375358581543, "passed": false}, "20": {"execution_time": 0.04686093330383301, "passed": false}, "21": {"execution_time": 0.04689669609069824, "passed": false}, "22": {"execution_time": 0.04686379432678223, "passed": false}, "23": {"execution_time": 0.04683494567871094, "passed": false}, "24": {"execution_time": 0.04689288139343262, "passed": false}}}, "pylint_score": "2/10"}