{"version": "1", "message": "ERROR: Hidden Testcases server unreachable.", "problem_id": "cspp1_m10_a1_1", "user_id": "saad181", "score": {"sample": {"0": {"execution_time": 0.2553231716156006, "passed": true}, "1": {"execution_time": 0.12437319755554199, "passed": false}, "2": {"execution_time": 0.19596600532531738, "passed": false}, "3": {"execution_time": 0.23413729667663574, "passed": false}, "4": {"execution_time": 0.24366998672485352, "passed": false}, "5": {"execution_time": 0.10379266738891602, "passed": false}, "6": {"execution_time": 0.10965180397033691, "passed": false}, "7": {"execution_time": 0.22752094268798828, "passed": false}, "8": {"execution_time": 0.2404768466949463, "passed": false}, "9": {"execution_time": 0.24228668212890625, "passed": false}, "10": {"execution_time": 0.2526123523712158, "passed": false}, "11": {"execution_time": 0.3085489273071289, "passed": false}, "12": {"execution_time": 0.16805601119995117, "passed": false}, "13": {"execution_time": 0.14815664291381836, "passed": false}, "14": {"execution_time": 0.19854378700256348, "passed": false}, "15": {"execution_time": 0.20670676231384277, "passed": false}, "16": {"execution_time": 0.21855878829956055, "passed": false}, "17": {"execution_time": 0.12610268592834473, "passed": false}, "18": {"execution_time": 0.14429140090942383, "passed": false}, "19": {"execution_time": 0.19315862655639648, "passed": false}, "20": {"execution_time": 0.08724284172058105, "passed": false}, "21": {"execution_time": 0.19697356224060059, "passed": false}, "22": {"execution_time": 0.2260148525238037, "passed": false}, "23": {"execution_time": 0.21860337257385254, "passed": false}, "24": {"execution_time": 0.28351521492004395, "passed": false}}}, "pylint_score": "2/10"}