{"version": "1", "message": "ERROR: Hidden Testcases server unreachable.", "problem_id": "cspp1_m10_a1_1", "user_id": "saad181", "score": {"sample": {"0": {"execution_time": 0.34607481956481934, "passed": false}, "1": {"execution_time": 0.04688525199890137, "passed": true}, "2": {"execution_time": 0.04724407196044922, "passed": true}, "3": {"execution_time": 0.047869205474853516, "passed": true}, "4": {"execution_time": 0.04879426956176758, "passed": true}, "5": {"execution_time": 0.04790353775024414, "passed": false}, "6": {"execution_time": 0.04808330535888672, "passed": true}, "7": {"execution_time": 0.04674553871154785, "passed": true}, "8": {"execution_time": 0.048102617263793945, "passed": true}, "9": {"execution_time": 0.047171592712402344, "passed": false}, "10": {"execution_time": 0.04670596122741699, "passed": true}, "11": {"execution_time": 0.04735898971557617, "passed": true}, "12": {"execution_time": 0.0479123592376709, "passed": true}, "13": {"execution_time": 0.04688096046447754, "passed": false}, "14": {"execution_time": 0.04786181449890137, "passed": false}, "15": {"execution_time": 0.04790544509887695, "passed": false}, "16": {"execution_time": 0.048433780670166016, "passed": false}, "17": {"execution_time": 0.048548221588134766, "passed": false}, "18": {"execution_time": 0.049866676330566406, "passed": false}, "19": {"execution_time": 0.06196141242980957, "passed": false}, "20": {"execution_time": 0.04889488220214844, "passed": false}, "21": {"execution_time": 0.04791879653930664, "passed": false}, "22": {"execution_time": 0.048868417739868164, "passed": false}, "23": {"execution_time": 0.04850625991821289, "passed": false}, "24": {"execution_time": 0.048412322998046875, "passed": false}}}, "pylint_score": "1/10"}