{"version": "1", "message": "ERROR: Hidden Testcases server unreachable.", "problem_id": "cspp1_m10_a1_1", "user_id": "saad181", "score": {"sample": {"0": {"execution_time": 0.09275031089782715, "passed": true}, "1": {"execution_time": 0.04882311820983887, "passed": true}, "2": {"execution_time": 0.05186057090759277, "passed": false}, "3": {"execution_time": 0.047835350036621094, "passed": false}, "4": {"execution_time": 0.04886913299560547, "passed": false}, "5": {"execution_time": 0.05536031723022461, "passed": false}, "6": {"execution_time": 0.04986405372619629, "passed": false}, "7": {"execution_time": 0.08377408981323242, "passed": false}, "8": {"execution_time": 0.05185866355895996, "passed": false}, "9": {"execution_time": 0.04986763000488281, "passed": false}, "10": {"execution_time": 0.0638284683227539, "passed": false}, "11": {"execution_time": 0.074798583984375, "passed": false}, "12": {"execution_time": 0.13962674140930176, "passed": false}, "13": {"execution_time": 0.07579517364501953, "passed": false}, "14": {"execution_time": 0.049867868423461914, "passed": false}, "15": {"execution_time": 0.04986739158630371, "passed": false}, "16": {"execution_time": 0.0498661994934082, "passed": true}, "17": {"execution_time": 0.049866676330566406, "passed": true}, "18": {"execution_time": 0.04986691474914551, "passed": true}, "19": {"execution_time": 0.05151557922363281, "passed": false}, "20": {"execution_time": 0.04887080192565918, "passed": true}, "21": {"execution_time": 0.050545454025268555, "passed": false}, "22": {"execution_time": 0.04983711242675781, "passed": false}, "23": {"execution_time": 0.04887032508850098, "passed": false}, "24": {"execution_time": 0.05086684226989746, "passed": false}}}, "pylint_score": "-3/10"}