{"version": "1", "message": "ERROR: Hidden Testcases server unreachable.", "problem_id": "cspp1_m10_a1_1", "user_id": "saad181", "score": {"sample": {"0": {"execution_time": 0.5212924480438232, "passed": true}, "1": {"execution_time": 0.15167593955993652, "passed": true}, "2": {"execution_time": 0.06978535652160645, "passed": false}, "3": {"execution_time": 0.07218027114868164, "passed": false}, "4": {"execution_time": 0.07358193397521973, "passed": false}, "5": {"execution_time": 0.0836479663848877, "passed": false}, "6": {"execution_time": 0.13955426216125488, "passed": false}, "7": {"execution_time": 0.1120607852935791, "passed": false}, "8": {"execution_time": 0.11913394927978516, "passed": false}, "9": {"execution_time": 0.10976910591125488, "passed": false}, "10": {"execution_time": 0.06693673133850098, "passed": false}, "11": {"execution_time": 0.07889580726623535, "passed": false}, "12": {"execution_time": 0.06882762908935547, "passed": false}, "13": {"execution_time": 0.06859350204467773, "passed": false}, "14": {"execution_time": 0.06968975067138672, "passed": false}, "15": {"execution_time": 0.06509280204772949, "passed": false}, "16": {"execution_time": 0.047781944274902344, "passed": true}, "17": {"execution_time": 0.047976016998291016, "passed": true}, "18": {"execution_time": 0.0498812198638916, "passed": true}, "19": {"execution_time": 0.05109262466430664, "passed": false}, "20": {"execution_time": 0.048902273178100586, "passed": true}, "21": {"execution_time": 0.05014848709106445, "passed": false}, "22": {"execution_time": 0.05016779899597168, "passed": false}, "23": {"execution_time": 0.04895901679992676, "passed": false}, "24": {"execution_time": 0.049944162368774414, "passed": false}}}, "pylint_score": "-3/10"}