{"version": "1", "message": "ERROR: Hidden Testcases server unreachable.", "problem_id": "cspp1_m10_a1_1", "user_id": "saad181", "score": {"sample": {"0": {"execution_time": 0.2001798152923584, "passed": false}, "1": {"execution_time": 0.046530723571777344, "passed": false}, "2": {"execution_time": 0.04679441452026367, "passed": false}, "3": {"execution_time": 0.04686403274536133, "passed": false}, "4": {"execution_time": 0.045861244201660156, "passed": false}, "5": {"execution_time": 0.045877695083618164, "passed": false}, "6": {"execution_time": 0.04570770263671875, "passed": false}, "7": {"execution_time": 0.04587888717651367, "passed": false}, "8": {"execution_time": 0.05086469650268555, "passed": false}, "9": {"execution_time": 0.0468747615814209, "passed": false}, "10": {"execution_time": 0.04886913299560547, "passed": false}, "11": {"execution_time": 0.04587554931640625, "passed": false}, "12": {"execution_time": 0.047875404357910156, "passed": false}, "13": {"execution_time": 0.05186128616333008, "passed": false}, "14": {"execution_time": 0.047872066497802734, "passed": false}, "15": {"execution_time": 0.0458221435546875, "passed": false}, "16": {"execution_time": 0.04787135124206543, "passed": false}, "17": {"execution_time": 0.04487943649291992, "passed": false}, "18": {"execution_time": 0.04587602615356445, "passed": false}, "19": {"execution_time": 0.04588127136230469, "passed": false}, "20": {"execution_time": 0.04587745666503906, "passed": false}, "21": {"execution_time": 0.04388117790222168, "passed": false}, "22": {"execution_time": 0.053861379623413086, "passed": false}, "23": {"execution_time": 0.045706987380981445, "passed": false}, "24": {"execution_time": 0.046155691146850586, "passed": false}}}, "pylint_score": "0/0"}