{"version": "1", "message": "ERROR: Hidden Testcases server unreachable.", "problem_id": "cspp1_m10_a1_1", "user_id": "saad181", "score": {"sample": {"0": {"execution_time": 0.13780856132507324, "passed": true}, "1": {"execution_time": 0.10658979415893555, "passed": false}, "2": {"execution_time": 0.3889431953430176, "passed": false}, "3": {"execution_time": 0.16749310493469238, "passed": false}, "4": {"execution_time": 0.07039570808410645, "passed": false}, "5": {"execution_time": 0.07371258735656738, "passed": false}, "6": {"execution_time": 0.10930204391479492, "passed": false}, "7": {"execution_time": 0.09117293357849121, "passed": false}, "8": {"execution_time": 0.06875991821289062, "passed": false}, "9": {"execution_time": 0.07754063606262207, "passed": false}, "10": {"execution_time": 0.09487199783325195, "passed": false}, "11": {"execution_time": 0.0724494457244873, "passed": false}, "12": {"execution_time": 0.06006789207458496, "passed": false}, "13": {"execution_time": 0.06839847564697266, "passed": false}, "14": {"execution_time": 0.0646369457244873, "passed": false}, "15": {"execution_time": 0.07468438148498535, "passed": false}, "16": {"execution_time": 0.056945085525512695, "passed": false}, "17": {"execution_time": 0.06914210319519043, "passed": false}, "18": {"execution_time": 0.08673214912414551, "passed": false}, "19": {"execution_time": 0.08003735542297363, "passed": false}, "20": {"execution_time": 0.1081235408782959, "passed": false}, "21": {"execution_time": 0.07811713218688965, "passed": false}, "22": {"execution_time": 0.0800638198852539, "passed": false}, "23": {"execution_time": 0.1447746753692627, "passed": false}, "24": {"execution_time": 0.1062173843383789, "passed": false}}}, "pylint_score": "-1/10"}