{"version": "1", "message": "ERROR: Hidden Testcases server unreachable.", "problem_id": "cspp1_m10_a1_1", "user_id": "saad181", "score": {"sample": {"0": {"execution_time": 0.08475399017333984, "passed": true}, "1": {"execution_time": 0.048874616622924805, "passed": false}, "2": {"execution_time": 0.04887104034423828, "passed": false}, "3": {"execution_time": 0.05185985565185547, "passed": false}, "4": {"execution_time": 0.04986882209777832, "passed": false}, "5": {"execution_time": 0.05186057090759277, "passed": false}, "6": {"execution_time": 0.049455881118774414, "passed": false}, "7": {"execution_time": 0.04986715316772461, "passed": false}, "8": {"execution_time": 0.05185508728027344, "passed": false}, "9": {"execution_time": 0.08133506774902344, "passed": false}, "10": {"execution_time": 0.07579612731933594, "passed": false}, "11": {"execution_time": 0.07380223274230957, "passed": false}, "12": {"execution_time": 0.13862919807434082, "passed": false}, "13": {"execution_time": 0.05086493492126465, "passed": false}, "14": {"execution_time": 0.0498654842376709, "passed": false}, "15": {"execution_time": 0.04985475540161133, "passed": false}, "16": {"execution_time": 0.05086469650268555, "passed": false}, "17": {"execution_time": 0.05784463882446289, "passed": true}, "18": {"execution_time": 0.049866437911987305, "passed": false}, "19": {"execution_time": 0.04986572265625, "passed": false}, "20": {"execution_time": 0.04937577247619629, "passed": true}, "21": {"execution_time": 0.050864458084106445, "passed": false}, "22": {"execution_time": 0.050449371337890625, "passed": false}, "23": {"execution_time": 0.04983711242675781, "passed": false}, "24": {"execution_time": 0.056848764419555664, "passed": false}}}, "pylint_score": "-3/10"}