{"version": "1", "message": "ERROR: Hidden Testcases server unreachable.", "problem_id": "cspp1_m10_a1_1", "user_id": "saad181", "score": {"sample": {"0": {"execution_time": 0.051572561264038086, "passed": true}, "1": {"execution_time": 0.05007171630859375, "passed": true}, "2": {"execution_time": 0.05041956901550293, "passed": true}, "3": {"execution_time": 0.050634145736694336, "passed": true}, "4": {"execution_time": 0.049124956130981445, "passed": true}, "5": {"execution_time": 0.047849416732788086, "passed": true}, "6": {"execution_time": 0.05002450942993164, "passed": true}, "7": {"execution_time": 0.04837393760681152, "passed": true}, "8": {"execution_time": 0.048799753189086914, "passed": true}, "9": {"execution_time": 0.04889678955078125, "passed": true}, "10": {"execution_time": 0.05200695991516113, "passed": true}, "11": {"execution_time": 0.0548098087310791, "passed": true}, "12": {"execution_time": 0.09736466407775879, "passed": true}, "13": {"execution_time": 0.05093550682067871, "passed": true}, "14": {"execution_time": 0.05018329620361328, "passed": true}, "15": {"execution_time": 0.055178165435791016, "passed": true}, "16": {"execution_time": 0.05104470252990723, "passed": true}, "17": {"execution_time": 0.1668248176574707, "passed": true}, "18": {"execution_time": 0.07988882064819336, "passed": true}, "19": {"execution_time": 0.16715764999389648, "passed": true}, "20": {"execution_time": 0.1648545265197754, "passed": true}, "21": {"execution_time": 0.11464142799377441, "passed": true}, "22": {"execution_time": 0.11744523048400879, "passed": true}, "23": {"execution_time": 0.09288144111633301, "passed": true}, "24": {"execution_time": 0.051679372787475586, "passed": true}}}, "pylint_score": "4/10"}