{"version": "1", "message": "ERROR: Hidden Testcases server unreachable.", "problem_id": "cspp1_m10_a1_1", "user_id": "saad181", "score": {"sample": {"0": {"execution_time": 0.11668753623962402, "passed": false}, "1": {"execution_time": 0.09873533248901367, "passed": false}, "2": {"execution_time": 0.11070370674133301, "passed": false}, "3": {"execution_time": 0.09174442291259766, "passed": false}, "4": {"execution_time": 0.09873580932617188, "passed": false}, "5": {"execution_time": 0.0967400074005127, "passed": false}, "6": {"execution_time": 0.12168145179748535, "passed": false}, "7": {"execution_time": 0.09972834587097168, "passed": false}, "8": {"execution_time": 0.10371184349060059, "passed": false}, "9": {"execution_time": 0.0967409610748291, "passed": false}, "10": {"execution_time": 0.0962526798248291, "passed": false}, "11": {"execution_time": 0.10029721260070801, "passed": false}, "12": {"execution_time": 0.09925436973571777, "passed": false}, "13": {"execution_time": 0.09674239158630371, "passed": false}, "14": {"execution_time": 0.08576679229736328, "passed": false}, "15": {"execution_time": 0.09474468231201172, "passed": false}, "16": {"execution_time": 0.09873580932617188, "passed": false}, "17": {"execution_time": 0.09574246406555176, "passed": false}, "18": {"execution_time": 0.1047210693359375, "passed": false}, "19": {"execution_time": 0.09475278854370117, "passed": false}, "20": {"execution_time": 0.09056806564331055, "passed": false}, "21": {"execution_time": 0.09179830551147461, "passed": false}, "22": {"execution_time": 0.10471963882446289, "passed": false}, "23": {"execution_time": 0.0857703685760498, "passed": false}, "24": {"execution_time": 0.10272574424743652, "passed": false}}}, "pylint_score": "-5/10"}