{"version": "1", "message": "ERROR: Hidden Testcases server unreachable.", "problem_id": "cspp1_m10_a1_1", "user_id": "saad181", "score": {"sample": {"0": {"execution_time": 0.06248831748962402, "passed": false}, "1": {"execution_time": 0.06248211860656738, "passed": true}, "2": {"execution_time": 0.046863555908203125, "passed": true}, "3": {"execution_time": 0.04686594009399414, "passed": true}, "4": {"execution_time": 0.046861886978149414, "passed": true}, "5": {"execution_time": 0.04686427116394043, "passed": false}, "6": {"execution_time": 0.046864986419677734, "passed": true}, "7": {"execution_time": 0.04686403274536133, "passed": true}, "8": {"execution_time": 0.046861886978149414, "passed": true}, "9": {"execution_time": 0.04689621925354004, "passed": false}, "10": {"execution_time": 0.04683542251586914, "passed": true}, "11": {"execution_time": 0.046892404556274414, "passed": true}, "12": {"execution_time": 0.04686427116394043, "passed": true}, "13": {"execution_time": 0.06372499465942383, "passed": false}, "14": {"execution_time": 0.0455622673034668, "passed": false}, "15": {"execution_time": 0.04685354232788086, "passed": false}, "16": {"execution_time": 0.04686379432678223, "passed": false}, "17": {"execution_time": 0.04686379432678223, "passed": false}, "18": {"execution_time": 0.04686260223388672, "passed": false}, "19": {"execution_time": 0.04686260223388672, "passed": false}, "20": {"execution_time": 0.04686474800109863, "passed": false}, "21": {"execution_time": 0.046865224838256836, "passed": false}, "22": {"execution_time": 0.04686450958251953, "passed": false}, "23": {"execution_time": 0.04686427116394043, "passed": false}, "24": {"execution_time": 0.04687643051147461, "passed": false}}}, "pylint_score": "3/10"}