{"version": "1", "message": "ERROR: Hidden Testcases server unreachable.", "problem_id": "cspp1_m10_a1_1", "user_id": "saad181", "score": {"sample": {"0": {"execution_time": 0.2910182476043701, "passed": true}, "1": {"execution_time": 0.04927992820739746, "passed": true}, "2": {"execution_time": 0.04805350303649902, "passed": false}, "3": {"execution_time": 0.049501895904541016, "passed": false}, "4": {"execution_time": 0.04874897003173828, "passed": false}, "5": {"execution_time": 0.0489957332611084, "passed": false}, "6": {"execution_time": 0.048980712890625, "passed": false}, "7": {"execution_time": 0.05812573432922363, "passed": false}, "8": {"execution_time": 0.16241955757141113, "passed": false}, "9": {"execution_time": 0.08664917945861816, "passed": false}, "10": {"execution_time": 0.09994268417358398, "passed": false}, "11": {"execution_time": 0.08627486228942871, "passed": false}, "12": {"execution_time": 0.08721208572387695, "passed": false}, "13": {"execution_time": 0.1673603057861328, "passed": false}, "14": {"execution_time": 0.08290958404541016, "passed": false}, "15": {"execution_time": 0.08387064933776855, "passed": false}, "16": {"execution_time": 0.07860088348388672, "passed": true}, "17": {"execution_time": 0.0795297622680664, "passed": true}, "18": {"execution_time": 0.09117794036865234, "passed": true}, "19": {"execution_time": 0.08314967155456543, "passed": false}, "20": {"execution_time": 0.07977557182312012, "passed": true}, "21": {"execution_time": 0.08296418190002441, "passed": false}, "22": {"execution_time": 0.08583211898803711, "passed": false}, "23": {"execution_time": 0.08333873748779297, "passed": false}, "24": {"execution_time": 0.07387542724609375, "passed": false}}}, "pylint_score": "-3/10"}