{"version": "1", "message": "ERROR: Hidden Testcases server unreachable.", "problem_id": "cspp1_m10_a1_1", "user_id": "saad181", "score": {"sample": {"0": {"execution_time": 0.06793212890625, "passed": true}, "1": {"execution_time": 0.06595993041992188, "passed": false}, "2": {"execution_time": 0.06371951103210449, "passed": false}, "3": {"execution_time": 0.07008624076843262, "passed": false}, "4": {"execution_time": 0.06539273262023926, "passed": false}, "5": {"execution_time": 0.06337952613830566, "passed": false}, "6": {"execution_time": 0.07020711898803711, "passed": false}, "7": {"execution_time": 0.06305718421936035, "passed": false}, "8": {"execution_time": 0.06722807884216309, "passed": false}, "9": {"execution_time": 0.09101724624633789, "passed": false}, "10": {"execution_time": 0.129150390625, "passed": false}, "11": {"execution_time": 0.32485532760620117, "passed": false}, "12": {"execution_time": 0.08325743675231934, "passed": false}, "13": {"execution_time": 0.06954669952392578, "passed": false}, "14": {"execution_time": 0.0844578742980957, "passed": false}, "15": {"execution_time": 0.0870811939239502, "passed": false}, "16": {"execution_time": 0.08586931228637695, "passed": true}, "17": {"execution_time": 0.05884218215942383, "passed": true}, "18": {"execution_time": 0.06305670738220215, "passed": true}, "19": {"execution_time": 0.07284355163574219, "passed": false}, "20": {"execution_time": 0.06595945358276367, "passed": true}, "21": {"execution_time": 0.06471872329711914, "passed": false}, "22": {"execution_time": 0.07214140892028809, "passed": false}, "23": {"execution_time": 0.06724262237548828, "passed": false}, "24": {"execution_time": 0.06793570518493652, "passed": false}}}, "pylint_score": "4/10"}