{"version": "1", "message": "ERROR: Hidden Testcases server unreachable.", "problem_id": "cspp1_m10_a1_1", "user_id": "saad181", "score": {"sample": {"0": {"execution_time": 0.5445959568023682, "passed": false}, "1": {"execution_time": 0.08178043365478516, "passed": false}, "2": {"execution_time": 0.07480144500732422, "passed": false}, "3": {"execution_time": 0.07778358459472656, "passed": false}, "4": {"execution_time": 0.07879757881164551, "passed": false}, "5": {"execution_time": 0.07679414749145508, "passed": false}, "6": {"execution_time": 0.08732128143310547, "passed": false}, "7": {"execution_time": 0.08377647399902344, "passed": false}, "8": {"execution_time": 0.06733059883117676, "passed": false}, "9": {"execution_time": 0.08677005767822266, "passed": false}, "10": {"execution_time": 0.06781721115112305, "passed": false}, "11": {"execution_time": 0.08876895904541016, "passed": false}, "12": {"execution_time": 0.10073232650756836, "passed": false}, "13": {"execution_time": 0.08377766609191895, "passed": false}, "14": {"execution_time": 0.07980704307556152, "passed": false}, "15": {"execution_time": 0.09073519706726074, "passed": false}, "16": {"execution_time": 0.0867619514465332, "passed": false}, "17": {"execution_time": 0.10969948768615723, "passed": false}, "18": {"execution_time": 0.08876252174377441, "passed": false}, "19": {"execution_time": 0.08577227592468262, "passed": false}, "20": {"execution_time": 0.07978630065917969, "passed": false}, "21": {"execution_time": 0.09275197982788086, "passed": false}, "22": {"execution_time": 0.07339644432067871, "passed": false}, "23": {"execution_time": 0.08891630172729492, "passed": false}, "24": {"execution_time": 0.08620333671569824, "passed": false}}}, "pylint_score": "-5/10"}