{"version": "1", "message": "ERROR: Hidden Testcases server unreachable.", "problem_id": "cspp1_m10_a1_1", "user_id": "saad181", "score": {"sample": {"0": {"execution_time": 0.1550154685974121, "passed": false}, "1": {"execution_time": 0.04698610305786133, "passed": false}, "2": {"execution_time": 0.04655098915100098, "passed": false}, "3": {"execution_time": 0.04676389694213867, "passed": false}, "4": {"execution_time": 0.046381473541259766, "passed": false}, "5": {"execution_time": 0.04652285575866699, "passed": false}, "6": {"execution_time": 0.04732871055603027, "passed": false}, "7": {"execution_time": 0.04744219779968262, "passed": false}, "8": {"execution_time": 0.04646110534667969, "passed": false}, "9": {"execution_time": 0.047620296478271484, "passed": false}, "10": {"execution_time": 0.046451568603515625, "passed": false}, "11": {"execution_time": 0.04744148254394531, "passed": false}, "12": {"execution_time": 0.04678988456726074, "passed": false}, "13": {"execution_time": 0.04685473442077637, "passed": false}, "14": {"execution_time": 0.0468745231628418, "passed": false}, "15": {"execution_time": 0.04634428024291992, "passed": false}, "16": {"execution_time": 0.047870635986328125, "passed": false}, "17": {"execution_time": 0.04687690734863281, "passed": false}, "18": {"execution_time": 0.04787182807922363, "passed": false}, "19": {"execution_time": 0.04886913299560547, "passed": false}, "20": {"execution_time": 0.047911643981933594, "passed": false}, "21": {"execution_time": 0.046872615814208984, "passed": false}, "22": {"execution_time": 0.0464785099029541, "passed": false}, "23": {"execution_time": 0.046877145767211914, "passed": false}, "24": {"execution_time": 0.04710245132446289, "passed": false}}}, "pylint_score": "0/0"}