{"version": "1", "message": "ERROR: Hidden Testcases server unreachable.", "problem_id": "cspp1_m10_a1_1", "user_id": "saad181", "score": {"sample": {"0": {"execution_time": 0.10293912887573242, "passed": true}, "1": {"execution_time": 0.10045838356018066, "passed": false}, "2": {"execution_time": 0.21355414390563965, "passed": false}, "3": {"execution_time": 0.17230606079101562, "passed": false}, "4": {"execution_time": 0.11406588554382324, "passed": false}, "5": {"execution_time": 0.1115868091583252, "passed": false}, "6": {"execution_time": 0.1559615135192871, "passed": false}, "7": {"execution_time": 0.14082646369934082, "passed": false}, "8": {"execution_time": 0.1144399642944336, "passed": false}, "9": {"execution_time": 0.13927912712097168, "passed": false}, "10": {"execution_time": 0.07117009162902832, "passed": false}, "11": {"execution_time": 0.11997509002685547, "passed": false}, "12": {"execution_time": 0.0764920711517334, "passed": false}, "13": {"execution_time": 0.1368415355682373, "passed": false}, "14": {"execution_time": 0.16926193237304688, "passed": false}, "15": {"execution_time": 0.18608355522155762, "passed": false}, "16": {"execution_time": 0.16678214073181152, "passed": false}, "17": {"execution_time": 0.14771413803100586, "passed": false}, "18": {"execution_time": 0.16648507118225098, "passed": false}, "19": {"execution_time": 0.07258129119873047, "passed": false}, "20": {"execution_time": 0.16033697128295898, "passed": false}, "21": {"execution_time": 0.20084619522094727, "passed": false}, "22": {"execution_time": 0.16142559051513672, "passed": false}, "23": {"execution_time": 0.14078712463378906, "passed": false}, "24": {"execution_time": 0.2045271396636963, "passed": false}}}, "pylint_score": "-1/10"}