{"version": "1", "message": "ERROR: Hidden Testcases server unreachable.", "problem_id": "cspp1_m10_a1_1", "user_id": "saad181", "score": {"sample": {"0": {"execution_time": 0.14202523231506348, "passed": true}, "1": {"execution_time": 0.10110950469970703, "passed": true}, "2": {"execution_time": 0.06103968620300293, "passed": false}, "3": {"execution_time": 0.048998355865478516, "passed": false}, "4": {"execution_time": 0.05009031295776367, "passed": false}, "5": {"execution_time": 0.05370831489562988, "passed": false}, "6": {"execution_time": 0.07990884780883789, "passed": false}, "7": {"execution_time": 0.3833458423614502, "passed": false}, "8": {"execution_time": 0.051026105880737305, "passed": false}, "9": {"execution_time": 0.06600141525268555, "passed": false}, "10": {"execution_time": 0.08788847923278809, "passed": false}, "11": {"execution_time": 0.08965826034545898, "passed": false}, "12": {"execution_time": 0.05723071098327637, "passed": false}, "13": {"execution_time": 0.057915449142456055, "passed": false}, "14": {"execution_time": 0.0545201301574707, "passed": false}, "15": {"execution_time": 0.05057668685913086, "passed": false}, "16": {"execution_time": 0.04952549934387207, "passed": true}, "17": {"execution_time": 0.049840688705444336, "passed": true}, "18": {"execution_time": 0.048914432525634766, "passed": true}, "19": {"execution_time": 0.051198482513427734, "passed": false}, "20": {"execution_time": 0.04988694190979004, "passed": true}, "21": {"execution_time": 0.05004715919494629, "passed": false}, "22": {"execution_time": 0.05215096473693848, "passed": false}, "23": {"execution_time": 0.050658464431762695, "passed": false}, "24": {"execution_time": 0.05165863037109375, "passed": false}}}, "pylint_score": "-3/10"}