{"version": "1", "message": "ERROR: Hidden Testcases server unreachable.", "problem_id": "cspp1_m10_a1_1", "user_id": "saad181", "score": {"sample": {"0": {"execution_time": 0.10604619979858398, "passed": true}, "1": {"execution_time": 0.06520557403564453, "passed": false}, "2": {"execution_time": 0.06398940086364746, "passed": false}, "3": {"execution_time": 0.06595587730407715, "passed": false}, "4": {"execution_time": 0.06447005271911621, "passed": false}, "5": {"execution_time": 0.06447911262512207, "passed": false}, "6": {"execution_time": 0.06488680839538574, "passed": false}, "7": {"execution_time": 0.06859683990478516, "passed": false}, "8": {"execution_time": 0.23531866073608398, "passed": false}, "9": {"execution_time": 0.07163715362548828, "passed": false}, "10": {"execution_time": 0.05493879318237305, "passed": false}, "11": {"execution_time": 0.08320164680480957, "passed": false}, "12": {"execution_time": 0.07481217384338379, "passed": false}, "13": {"execution_time": 0.0646355152130127, "passed": false}, "14": {"execution_time": 0.05273246765136719, "passed": false}, "15": {"execution_time": 0.05041670799255371, "passed": false}, "16": {"execution_time": 0.05079317092895508, "passed": true}, "17": {"execution_time": 0.049469947814941406, "passed": true}, "18": {"execution_time": 0.04910731315612793, "passed": false}, "19": {"execution_time": 0.05086708068847656, "passed": false}, "20": {"execution_time": 0.0505368709564209, "passed": true}, "21": {"execution_time": 0.05135393142700195, "passed": false}, "22": {"execution_time": 0.05070900917053223, "passed": false}, "23": {"execution_time": 0.04910135269165039, "passed": false}, "24": {"execution_time": 0.05042243003845215, "passed": false}}}, "pylint_score": "-3/10"}