{"version": "1", "message": "ERROR: Hidden Testcases server unreachable.", "problem_id": "cspp1_m10_a1_1", "user_id": "saad181", "score": {"sample": {"0": {"execution_time": 0.14057421684265137, "passed": false}, "1": {"execution_time": 0.04687619209289551, "passed": false}, "2": {"execution_time": 0.04685163497924805, "passed": false}, "3": {"execution_time": 0.04046344757080078, "passed": false}, "4": {"execution_time": 0.04689741134643555, "passed": false}, "5": {"execution_time": 0.04683041572570801, "passed": false}, "6": {"execution_time": 0.046895503997802734, "passed": false}, "7": {"execution_time": 0.04683279991149902, "passed": false}, "8": {"execution_time": 0.04686617851257324, "passed": false}, "9": {"execution_time": 0.04686141014099121, "passed": false}, "10": {"execution_time": 0.04689502716064453, "passed": false}, "11": {"execution_time": 0.0624539852142334, "passed": false}, "12": {"execution_time": 0.04686427116394043, "passed": false}, "13": {"execution_time": 0.04686379432678223, "passed": false}, "14": {"execution_time": 0.05638432502746582, "passed": false}, "15": {"execution_time": 0.04683256149291992, "passed": false}, "16": {"execution_time": 0.04686403274536133, "passed": false}, "17": {"execution_time": 0.04686594009399414, "passed": false}, "18": {"execution_time": 0.04686260223388672, "passed": false}, "19": {"execution_time": 0.0624845027923584, "passed": false}, "20": {"execution_time": 0.04686617851257324, "passed": false}, "21": {"execution_time": 0.04686331748962402, "passed": false}, "22": {"execution_time": 0.04686403274536133, "passed": false}, "23": {"execution_time": 0.04689383506774902, "passed": false}, "24": {"execution_time": 0.04033613204956055, "passed": false}}}, "pylint_score": "-8/10"}