{"version": "1", "message": "ERROR: Hidden Testcases server unreachable.", "problem_id": "cspp1_m10_a1_1", "user_id": "saad181", "score": {"sample": {"0": {"execution_time": 0.18813490867614746, "passed": true}, "1": {"execution_time": 0.1318070888519287, "passed": true}, "2": {"execution_time": 0.05133986473083496, "passed": false}, "3": {"execution_time": 0.0540773868560791, "passed": false}, "4": {"execution_time": 0.06617498397827148, "passed": false}, "5": {"execution_time": 0.05681467056274414, "passed": false}, "6": {"execution_time": 0.39835262298583984, "passed": false}, "7": {"execution_time": 0.0538938045501709, "passed": false}, "8": {"execution_time": 0.13696646690368652, "passed": false}, "9": {"execution_time": 0.08065247535705566, "passed": false}, "10": {"execution_time": 0.09121417999267578, "passed": false}, "11": {"execution_time": 0.07486367225646973, "passed": false}, "12": {"execution_time": 0.05038189888000488, "passed": false}, "13": {"execution_time": 0.05231070518493652, "passed": false}, "14": {"execution_time": 0.04988431930541992, "passed": false}, "15": {"execution_time": 0.0529325008392334, "passed": false}, "16": {"execution_time": 0.04994773864746094, "passed": true}, "17": {"execution_time": 0.04971575736999512, "passed": true}, "18": {"execution_time": 0.04949808120727539, "passed": true}, "19": {"execution_time": 0.05214691162109375, "passed": false}, "20": {"execution_time": 0.0495908260345459, "passed": true}, "21": {"execution_time": 0.05226445198059082, "passed": false}, "22": {"execution_time": 0.05183911323547363, "passed": false}, "23": {"execution_time": 0.0513310432434082, "passed": false}, "24": {"execution_time": 0.05299735069274902, "passed": false}}}, "pylint_score": "-3/10"}