{"version": "1", "message": "ERROR: Hidden Testcases server unreachable.", "problem_id": "cspp1_m10_a1_1", "user_id": "saad181", "score": {"sample": {"0": {"execution_time": 0.05038857460021973, "passed": true}, "1": {"execution_time": 0.05020642280578613, "passed": true}, "2": {"execution_time": 0.05004739761352539, "passed": true}, "3": {"execution_time": 0.04918503761291504, "passed": true}, "4": {"execution_time": 0.05061912536621094, "passed": true}, "5": {"execution_time": 0.051301002502441406, "passed": true}, "6": {"execution_time": 0.05036807060241699, "passed": true}, "7": {"execution_time": 0.05048561096191406, "passed": true}, "8": {"execution_time": 0.05032944679260254, "passed": true}, "9": {"execution_time": 0.05113506317138672, "passed": true}, "10": {"execution_time": 0.04923415184020996, "passed": true}, "11": {"execution_time": 0.04980611801147461, "passed": true}, "12": {"execution_time": 0.05891132354736328, "passed": true}, "13": {"execution_time": 0.3034532070159912, "passed": true}, "14": {"execution_time": 0.0821385383605957, "passed": true}, "15": {"execution_time": 0.10023379325866699, "passed": true}, "16": {"execution_time": 0.090972900390625, "passed": true}, "17": {"execution_time": 0.08320140838623047, "passed": true}, "18": {"execution_time": 0.07195115089416504, "passed": true}, "19": {"execution_time": 0.054343223571777344, "passed": true}, "20": {"execution_time": 0.04930448532104492, "passed": true}, "21": {"execution_time": 0.051737308502197266, "passed": true}, "22": {"execution_time": 0.05193185806274414, "passed": true}, "23": {"execution_time": 0.04991483688354492, "passed": true}, "24": {"execution_time": 0.05187082290649414, "passed": true}}}, "pylint_score": "4/10"}