{"version": "1", "message": "ERROR: Hidden Testcases server unreachable.", "problem_id": "cspp1_m10_a1_1", "user_id": "saad181", "score": {"sample": {"0": {"execution_time": 0.18738842010498047, "passed": false}, "1": {"execution_time": 0.04683423042297363, "passed": false}, "2": {"execution_time": 0.04689812660217285, "passed": false}, "3": {"execution_time": 0.046829938888549805, "passed": false}, "4": {"execution_time": 0.046892404556274414, "passed": false}, "5": {"execution_time": 0.046835899353027344, "passed": false}, "6": {"execution_time": 0.04689335823059082, "passed": false}, "7": {"execution_time": 0.046831369400024414, "passed": false}, "8": {"execution_time": 0.04686474800109863, "passed": false}, "9": {"execution_time": 0.04686594009399414, "passed": false}, "10": {"execution_time": 0.06370401382446289, "passed": false}, "11": {"execution_time": 0.04568791389465332, "passed": false}, "12": {"execution_time": 0.04686331748962402, "passed": false}, "13": {"execution_time": 0.04686450958251953, "passed": false}, "14": {"execution_time": 0.0468752384185791, "passed": false}, "15": {"execution_time": 0.04685378074645996, "passed": false}, "16": {"execution_time": 0.04686117172241211, "passed": false}, "17": {"execution_time": 0.04686689376831055, "passed": false}, "18": {"execution_time": 0.04686260223388672, "passed": false}, "19": {"execution_time": 0.04686403274536133, "passed": false}, "20": {"execution_time": 0.046877145767211914, "passed": false}, "21": {"execution_time": 0.046849966049194336, "passed": false}, "22": {"execution_time": 0.04686617851257324, "passed": false}, "23": {"execution_time": 0.046863555908203125, "passed": false}, "24": {"execution_time": 0.04689311981201172, "passed": false}}}, "pylint_score": "0/10"}