{"version": "1", "message": "ERROR: Hidden Testcases server unreachable.", "problem_id": "cspp1_m10_a1_1", "user_id": "saad181", "score": {"sample": {"0": {"execution_time": 0.1263871192932129, "passed": false}, "1": {"execution_time": 0.048629045486450195, "passed": false}, "2": {"execution_time": 0.04794192314147949, "passed": false}, "3": {"execution_time": 0.048516273498535156, "passed": false}, "4": {"execution_time": 0.048239946365356445, "passed": false}, "5": {"execution_time": 0.04986572265625, "passed": false}, "6": {"execution_time": 0.04787302017211914, "passed": false}, "7": {"execution_time": 0.046805381774902344, "passed": false}, "8": {"execution_time": 0.048853158950805664, "passed": false}, "9": {"execution_time": 0.05285930633544922, "passed": false}, "10": {"execution_time": 0.049868106842041016, "passed": false}, "11": {"execution_time": 0.05185985565185547, "passed": false}, "12": {"execution_time": 0.04886889457702637, "passed": false}, "13": {"execution_time": 0.0468752384185791, "passed": false}, "14": {"execution_time": 0.05285835266113281, "passed": false}, "15": {"execution_time": 0.05285811424255371, "passed": false}, "16": {"execution_time": 0.050863027572631836, "passed": false}, "17": {"execution_time": 0.046072959899902344, "passed": false}, "18": {"execution_time": 0.046918392181396484, "passed": false}, "19": {"execution_time": 0.04688286781311035, "passed": false}, "20": {"execution_time": 0.04592132568359375, "passed": false}, "21": {"execution_time": 0.057450056076049805, "passed": false}, "22": {"execution_time": 0.04691052436828613, "passed": false}, "23": {"execution_time": 0.0486903190612793, "passed": false}, "24": {"execution_time": 0.047872304916381836, "passed": false}}}, "pylint_score": "-8/10"}