{"version": "1", "message": "ERROR: Hidden Testcases server unreachable.", "problem_id": "cspp1_m10_a1_1", "user_id": "saad181", "score": {"sample": {"0": {"execution_time": 1.1262457370758057, "passed": false}, "1": {"execution_time": 0.2292783260345459, "passed": false}, "2": {"execution_time": 0.2223050594329834, "passed": false}, "3": {"execution_time": 0.32500791549682617, "passed": false}, "4": {"execution_time": 0.18742823600769043, "passed": false}, "5": {"execution_time": 0.3205869197845459, "passed": false}, "6": {"execution_time": 0.10926461219787598, "passed": false}, "7": {"execution_time": 0.09483480453491211, "passed": false}, "8": {"execution_time": 0.33678579330444336, "passed": false}, "9": {"execution_time": 0.1934354305267334, "passed": false}, "10": {"execution_time": 0.33568739891052246, "passed": false}, "11": {"execution_time": 0.2068805694580078, "passed": false}, "12": {"execution_time": 0.28342390060424805, "passed": false}, "13": {"execution_time": 0.09291720390319824, "passed": false}, "14": {"execution_time": 0.1322782039642334, "passed": false}, "15": {"execution_time": 0.141890287399292, "passed": false}, "16": {"execution_time": 0.054055213928222656, "passed": false}, "17": {"execution_time": 0.15621447563171387, "passed": false}, "18": {"execution_time": 0.06248641014099121, "passed": false}, "19": {"execution_time": 0.14156723022460938, "passed": false}, "20": {"execution_time": 0.13224267959594727, "passed": false}, "21": {"execution_time": 0.1405937671661377, "passed": false}, "22": {"execution_time": 0.10186266899108887, "passed": false}, "23": {"execution_time": 0.10938239097595215, "passed": false}, "24": {"execution_time": 0.10934686660766602, "passed": false}}}, "pylint_score": "-2/10"}