{"version": "1", "message": "ERROR: Hidden Testcases server unreachable.", "problem_id": "cspp1_m10_a1_1", "user_id": "saad181", "score": {"sample": {"0": {"execution_time": 0.12775373458862305, "passed": false}, "1": {"execution_time": 0.09873485565185547, "passed": false}, "2": {"execution_time": 0.10073184967041016, "passed": false}, "3": {"execution_time": 0.11768507957458496, "passed": false}, "4": {"execution_time": 0.1186819076538086, "passed": false}, "5": {"execution_time": 0.5211293697357178, "passed": false}, "6": {"execution_time": 0.09132742881774902, "passed": false}, "7": {"execution_time": 0.12766003608703613, "passed": false}, "8": {"execution_time": 0.11668777465820312, "passed": false}, "9": {"execution_time": 0.09773778915405273, "passed": false}, "10": {"execution_time": 0.11369919776916504, "passed": false}, "11": {"execution_time": 0.10224413871765137, "passed": false}, "12": {"execution_time": 0.10482144355773926, "passed": false}, "13": {"execution_time": 0.08886551856994629, "passed": false}, "14": {"execution_time": 0.17359471321105957, "passed": false}, "15": {"execution_time": 0.09075784683227539, "passed": false}, "16": {"execution_time": 0.09474897384643555, "passed": false}, "17": {"execution_time": 0.09474492073059082, "passed": false}, "18": {"execution_time": 0.09973311424255371, "passed": false}, "19": {"execution_time": 0.09574532508850098, "passed": false}, "20": {"execution_time": 0.09474921226501465, "passed": false}, "21": {"execution_time": 0.09175419807434082, "passed": false}, "22": {"execution_time": 0.09574317932128906, "passed": false}, "23": {"execution_time": 0.08531045913696289, "passed": false}, "24": {"execution_time": 0.10072970390319824, "passed": false}}}, "pylint_score": "-5/10"}