{"version": "1", "message": "ERROR: Hidden Testcases server unreachable.", "problem_id": "cspp1_m10_a1_1", "user_id": "saad181", "score": {"sample": {"0": {"execution_time": 0.07878971099853516, "passed": false}, "1": {"execution_time": 0.054853200912475586, "passed": false}, "2": {"execution_time": 0.05485272407531738, "passed": false}, "3": {"execution_time": 0.049866676330566406, "passed": false}, "4": {"execution_time": 0.048868656158447266, "passed": false}, "5": {"execution_time": 0.04587864875793457, "passed": false}, "6": {"execution_time": 0.04886984825134277, "passed": false}, "7": {"execution_time": 0.04727029800415039, "passed": false}, "8": {"execution_time": 0.04689145088195801, "passed": false}, "9": {"execution_time": 0.049126386642456055, "passed": false}, "10": {"execution_time": 0.04986739158630371, "passed": false}, "11": {"execution_time": 0.04743480682373047, "passed": false}, "12": {"execution_time": 0.047792911529541016, "passed": false}, "13": {"execution_time": 0.04846644401550293, "passed": false}, "14": {"execution_time": 0.04772377014160156, "passed": false}, "15": {"execution_time": 0.04804515838623047, "passed": false}, "16": {"execution_time": 0.047353506088256836, "passed": false}, "17": {"execution_time": 0.0465545654296875, "passed": false}, "18": {"execution_time": 0.04819846153259277, "passed": false}, "19": {"execution_time": 0.04687619209289551, "passed": false}, "20": {"execution_time": 0.04751253128051758, "passed": false}, "21": {"execution_time": 0.04787158966064453, "passed": false}, "22": {"execution_time": 0.04822993278503418, "passed": false}, "23": {"execution_time": 0.04759335517883301, "passed": false}, "24": {"execution_time": 0.04793810844421387, "passed": false}}}, "pylint_score": "1/10"}