{"version": "1", "message": "ERROR: Hidden Testcases server unreachable.", "problem_id": "cspp1_m10_a1_1", "user_id": "saad181", "score": {"sample": {"0": {"execution_time": 0.20304369926452637, "passed": false}, "1": {"execution_time": 0.49107956886291504, "passed": false}, "2": {"execution_time": 0.12290382385253906, "passed": false}, "3": {"execution_time": 0.10709238052368164, "passed": false}, "4": {"execution_time": 0.11588311195373535, "passed": false}, "5": {"execution_time": 0.10101056098937988, "passed": false}, "6": {"execution_time": 0.12483406066894531, "passed": false}, "7": {"execution_time": 0.09722757339477539, "passed": false}, "8": {"execution_time": 0.08965373039245605, "passed": false}, "9": {"execution_time": 0.0992574691772461, "passed": false}, "10": {"execution_time": 0.1241917610168457, "passed": false}, "11": {"execution_time": 0.09777474403381348, "passed": false}, "12": {"execution_time": 0.09719181060791016, "passed": false}, "13": {"execution_time": 0.10225653648376465, "passed": false}, "14": {"execution_time": 0.10157513618469238, "passed": false}, "15": {"execution_time": 0.09141325950622559, "passed": false}, "16": {"execution_time": 0.11084342002868652, "passed": false}, "17": {"execution_time": 0.1094977855682373, "passed": false}, "18": {"execution_time": 0.09888696670532227, "passed": false}, "19": {"execution_time": 0.12597131729125977, "passed": false}, "20": {"execution_time": 0.11054587364196777, "passed": false}, "21": {"execution_time": 0.09511542320251465, "passed": false}, "22": {"execution_time": 0.1131441593170166, "passed": false}, "23": {"execution_time": 0.09240245819091797, "passed": false}, "24": {"execution_time": 0.09665155410766602, "passed": false}}}, "pylint_score": "-4/10"}