{"version": "1", "message": "ERROR: Hidden Testcases server unreachable.", "problem_id": "cspp1_m10_a1_1", "user_id": "saad181", "score": {"sample": {"0": {"execution_time": 0.12778139114379883, "passed": false}, "1": {"execution_time": 0.07930469512939453, "passed": false}, "2": {"execution_time": 0.08175802230834961, "passed": false}, "3": {"execution_time": 0.08676481246948242, "passed": false}, "4": {"execution_time": 0.07779192924499512, "passed": false}, "5": {"execution_time": 0.2992429733276367, "passed": false}, "6": {"execution_time": 0.07879471778869629, "passed": false}, "7": {"execution_time": 0.07779073715209961, "passed": false}, "8": {"execution_time": 0.08576774597167969, "passed": false}, "9": {"execution_time": 0.07380223274230957, "passed": false}, "10": {"execution_time": 0.07779192924499512, "passed": false}, "11": {"execution_time": 0.07483649253845215, "passed": false}, "12": {"execution_time": 0.07878232002258301, "passed": false}, "13": {"execution_time": 0.07679367065429688, "passed": false}, "14": {"execution_time": 0.07480454444885254, "passed": false}, "15": {"execution_time": 0.1655561923980713, "passed": false}, "16": {"execution_time": 0.1156928539276123, "passed": false}, "17": {"execution_time": 0.0852818489074707, "passed": false}, "18": {"execution_time": 0.12865853309631348, "passed": false}, "19": {"execution_time": 0.06981086730957031, "passed": false}, "20": {"execution_time": 0.07779169082641602, "passed": false}, "21": {"execution_time": 0.07679510116577148, "passed": false}, "22": {"execution_time": 0.07779049873352051, "passed": false}, "23": {"execution_time": 0.0797891616821289, "passed": false}, "24": {"execution_time": 0.07379746437072754, "passed": false}}}, "pylint_score": "-5/10"}