{"version": "1", "message": "ERROR: Hidden Testcases server unreachable.", "problem_id": "cspp1_m10_a1_1", "user_id": "saad181", "score": {"sample": {"0": {"execution_time": 0.09180402755737305, "passed": false}, "1": {"execution_time": 0.04786992073059082, "passed": false}, "2": {"execution_time": 0.04787254333496094, "passed": false}, "3": {"execution_time": 0.04986691474914551, "passed": false}, "4": {"execution_time": 0.04886913299560547, "passed": false}, "5": {"execution_time": 0.05086398124694824, "passed": false}, "6": {"execution_time": 0.04886889457702637, "passed": false}, "7": {"execution_time": 0.047873735427856445, "passed": false}, "8": {"execution_time": 0.046872615814208984, "passed": false}, "9": {"execution_time": 0.04687666893005371, "passed": false}, "10": {"execution_time": 0.048871517181396484, "passed": false}, "11": {"execution_time": 0.052858591079711914, "passed": false}, "12": {"execution_time": 0.04886913299560547, "passed": false}, "13": {"execution_time": 0.049866437911987305, "passed": false}, "14": {"execution_time": 0.04887032508850098, "passed": false}, "15": {"execution_time": 0.05047154426574707, "passed": false}, "16": {"execution_time": 0.06281805038452148, "passed": false}, "17": {"execution_time": 0.05086374282836914, "passed": false}, "18": {"execution_time": 0.06981158256530762, "passed": false}, "19": {"execution_time": 0.05186200141906738, "passed": false}, "20": {"execution_time": 0.054062604904174805, "passed": false}, "21": {"execution_time": 0.04787135124206543, "passed": false}, "22": {"execution_time": 0.04986572265625, "passed": false}, "23": {"execution_time": 0.048868417739868164, "passed": false}, "24": {"execution_time": 0.04886937141418457, "passed": false}}}, "pylint_score": "0/0"}