{"version": "1", "message": "ERROR: Hidden Testcases server unreachable.", "problem_id": "cspp1_m10_a1_1", "user_id": "saad181", "score": {"sample": {"0": {"execution_time": 0.40990734100341797, "passed": false}, "1": {"execution_time": 0.08577275276184082, "passed": false}, "2": {"execution_time": 0.09336137771606445, "passed": false}, "3": {"execution_time": 0.08577084541320801, "passed": false}, "4": {"execution_time": 0.08278632164001465, "passed": false}, "5": {"execution_time": 0.16556477546691895, "passed": false}, "6": {"execution_time": 0.09978151321411133, "passed": false}, "7": {"execution_time": 0.0816957950592041, "passed": false}, "8": {"execution_time": 0.07779073715209961, "passed": false}, "9": {"execution_time": 0.07878875732421875, "passed": false}, "10": {"execution_time": 0.13364410400390625, "passed": false}, "11": {"execution_time": 0.07579421997070312, "passed": false}, "12": {"execution_time": 0.07676434516906738, "passed": false}, "13": {"execution_time": 0.07679533958435059, "passed": false}, "14": {"execution_time": 0.07579493522644043, "passed": false}, "15": {"execution_time": 0.07930207252502441, "passed": false}, "16": {"execution_time": 0.07680916786193848, "passed": false}, "17": {"execution_time": 0.0778040885925293, "passed": false}, "18": {"execution_time": 0.07717204093933105, "passed": false}, "19": {"execution_time": 0.07679247856140137, "passed": false}, "20": {"execution_time": 0.07679605484008789, "passed": false}, "21": {"execution_time": 0.07879042625427246, "passed": false}, "22": {"execution_time": 0.07778072357177734, "passed": false}, "23": {"execution_time": 0.08022165298461914, "passed": false}, "24": {"execution_time": 0.08321189880371094, "passed": false}}}, "pylint_score": "-5/10"}