{"version": "1", "message": "ERROR: Hidden Testcases server unreachable.", "problem_id": "cspp1_m10_a1_1", "user_id": "saad181", "score": {"sample": {"0": {"execution_time": 0.12388730049133301, "passed": false}, "1": {"execution_time": 0.07879114151000977, "passed": false}, "2": {"execution_time": 0.07578468322753906, "passed": false}, "3": {"execution_time": 0.07679462432861328, "passed": false}, "4": {"execution_time": 0.07813739776611328, "passed": false}, "5": {"execution_time": 0.08293414115905762, "passed": false}, "6": {"execution_time": 0.5567188262939453, "passed": false}, "7": {"execution_time": 0.08177924156188965, "passed": false}, "8": {"execution_time": 0.08776497840881348, "passed": false}, "9": {"execution_time": 0.12167668342590332, "passed": false}, "10": {"execution_time": 0.11469459533691406, "passed": false}, "11": {"execution_time": 0.11370182037353516, "passed": false}, "12": {"execution_time": 0.07978606224060059, "passed": false}, "13": {"execution_time": 0.07779264450073242, "passed": false}, "14": {"execution_time": 0.07973217964172363, "passed": false}, "15": {"execution_time": 0.08759307861328125, "passed": false}, "16": {"execution_time": 0.11968088150024414, "passed": false}, "17": {"execution_time": 0.07779407501220703, "passed": false}, "18": {"execution_time": 0.07978510856628418, "passed": false}, "19": {"execution_time": 0.12866950035095215, "passed": false}, "20": {"execution_time": 0.0917501449584961, "passed": false}, "21": {"execution_time": 0.07779192924499512, "passed": false}, "22": {"execution_time": 0.08777999877929688, "passed": false}, "23": {"execution_time": 0.08577275276184082, "passed": false}, "24": {"execution_time": 0.07978701591491699, "passed": false}}}, "pylint_score": "-4/10"}