{"version": "1", "message": "ERROR: Hidden Testcases server unreachable.", "problem_id": "cspp1_m10_a1_1", "user_id": "saad181", "score": {"sample": {"0": {"execution_time": 0.09364867210388184, "passed": false}, "1": {"execution_time": 0.0468902587890625, "passed": false}, "2": {"execution_time": 0.04683351516723633, "passed": false}, "3": {"execution_time": 0.04686403274536133, "passed": false}, "4": {"execution_time": 0.04689598083496094, "passed": false}, "5": {"execution_time": 0.046865224838256836, "passed": false}, "6": {"execution_time": 0.04683327674865723, "passed": true}, "7": {"execution_time": 0.04689192771911621, "passed": false}, "8": {"execution_time": 0.0624547004699707, "passed": false}, "9": {"execution_time": 0.046895503997802734, "passed": false}, "10": {"execution_time": 0.04683256149291992, "passed": true}, "11": {"execution_time": 0.046866655349731445, "passed": true}, "12": {"execution_time": 0.04686141014099121, "passed": false}, "13": {"execution_time": 0.04686617851257324, "passed": false}, "14": {"execution_time": 0.04686427116394043, "passed": false}, "15": {"execution_time": 0.04686260223388672, "passed": false}, "16": {"execution_time": 0.04686236381530762, "passed": false}, "17": {"execution_time": 0.04689502716064453, "passed": false}, "18": {"execution_time": 0.04683566093444824, "passed": false}, "19": {"execution_time": 0.04689335823059082, "passed": false}, "20": {"execution_time": 0.046863555908203125, "passed": false}, "21": {"execution_time": 0.046849966049194336, "passed": false}, "22": {"execution_time": 0.046851396560668945, "passed": false}, "23": {"execution_time": 0.04689359664916992, "passed": false}, "24": {"execution_time": 0.0468297004699707, "passed": false}}}, "pylint_score": "3/10"}