{"version": "1", "message": "ERROR: Hidden Testcases server unreachable.", "problem_id": "cspp1_m10_a1_1", "user_id": "saad181", "score": {"sample": {"0": {"execution_time": 0.13181209564208984, "passed": false}, "1": {"execution_time": 0.04867124557495117, "passed": false}, "2": {"execution_time": 0.047223806381225586, "passed": false}, "3": {"execution_time": 0.04714012145996094, "passed": false}, "4": {"execution_time": 0.04857134819030762, "passed": false}, "5": {"execution_time": 0.04772353172302246, "passed": false}, "6": {"execution_time": 0.050866127014160156, "passed": false}, "7": {"execution_time": 0.048868656158447266, "passed": false}, "8": {"execution_time": 0.04982924461364746, "passed": false}, "9": {"execution_time": 0.04687237739562988, "passed": false}, "10": {"execution_time": 0.050863027572631836, "passed": false}, "11": {"execution_time": 0.04886913299560547, "passed": false}, "12": {"execution_time": 0.04886794090270996, "passed": false}, "13": {"execution_time": 0.046874284744262695, "passed": false}, "14": {"execution_time": 0.05186152458190918, "passed": false}, "15": {"execution_time": 0.0458834171295166, "passed": false}, "16": {"execution_time": 0.046874284744262695, "passed": false}, "17": {"execution_time": 0.04787015914916992, "passed": false}, "18": {"execution_time": 0.04663801193237305, "passed": false}, "19": {"execution_time": 0.0472569465637207, "passed": false}, "20": {"execution_time": 0.046712398529052734, "passed": false}, "21": {"execution_time": 0.047949790954589844, "passed": false}, "22": {"execution_time": 0.04717445373535156, "passed": false}, "23": {"execution_time": 0.04759645462036133, "passed": false}, "24": {"execution_time": 0.04827308654785156, "passed": false}}}, "pylint_score": "1/10"}