{"version": "1", "message": "ERROR: Hidden Testcases server unreachable.", "problem_id": "cspp1_m10_a1_1", "user_id": "saad181", "score": {"sample": {"0": {"execution_time": 0.38620877265930176, "passed": true}, "1": {"execution_time": 0.11919903755187988, "passed": true}, "2": {"execution_time": 0.0985105037689209, "passed": false}, "3": {"execution_time": 0.052046775817871094, "passed": false}, "4": {"execution_time": 0.05493593215942383, "passed": false}, "5": {"execution_time": 0.1309671401977539, "passed": false}, "6": {"execution_time": 0.10280036926269531, "passed": false}, "7": {"execution_time": 0.0859518051147461, "passed": false}, "8": {"execution_time": 0.08204364776611328, "passed": false}, "9": {"execution_time": 0.08098912239074707, "passed": false}, "10": {"execution_time": 0.07110953330993652, "passed": false}, "11": {"execution_time": 0.049005985260009766, "passed": false}, "12": {"execution_time": 0.05518603324890137, "passed": false}, "13": {"execution_time": 0.05649995803833008, "passed": false}, "14": {"execution_time": 0.050722599029541016, "passed": false}, "15": {"execution_time": 0.05060529708862305, "passed": false}, "16": {"execution_time": 0.04903149604797363, "passed": true}, "17": {"execution_time": 0.04952263832092285, "passed": true}, "18": {"execution_time": 0.048554182052612305, "passed": true}, "19": {"execution_time": 0.05107283592224121, "passed": false}, "20": {"execution_time": 0.05075788497924805, "passed": true}, "21": {"execution_time": 0.05012345314025879, "passed": false}, "22": {"execution_time": 0.051982879638671875, "passed": false}, "23": {"execution_time": 0.04898571968078613, "passed": false}, "24": {"execution_time": 0.05034685134887695, "passed": false}}}, "pylint_score": "-3/10"}