{"version": "1", "message": "ERROR: Hidden Testcases server unreachable.", "problem_id": "cspp1_m10_a1_1", "user_id": "saad181", "score": {"sample": {"0": {"execution_time": 0.1406264305114746, "passed": false}, "1": {"execution_time": 0.07579851150512695, "passed": false}, "2": {"execution_time": 0.08277463912963867, "passed": false}, "3": {"execution_time": 0.08476996421813965, "passed": false}, "4": {"execution_time": 0.3012371063232422, "passed": false}, "5": {"execution_time": 0.1421966552734375, "passed": false}, "6": {"execution_time": 0.07579612731933594, "passed": false}, "7": {"execution_time": 0.1506335735321045, "passed": false}, "8": {"execution_time": 0.08590841293334961, "passed": false}, "9": {"execution_time": 0.07480144500732422, "passed": false}, "10": {"execution_time": 0.0753943920135498, "passed": false}, "11": {"execution_time": 0.07630300521850586, "passed": false}, "12": {"execution_time": 0.07730889320373535, "passed": false}, "13": {"execution_time": 0.0768747329711914, "passed": false}, "14": {"execution_time": 0.07779145240783691, "passed": false}, "15": {"execution_time": 0.0857698917388916, "passed": false}, "16": {"execution_time": 0.1226644515991211, "passed": false}, "17": {"execution_time": 0.07878756523132324, "passed": false}, "18": {"execution_time": 0.07579827308654785, "passed": false}, "19": {"execution_time": 0.07681035995483398, "passed": false}, "20": {"execution_time": 0.0787954330444336, "passed": false}, "21": {"execution_time": 0.07578921318054199, "passed": false}, "22": {"execution_time": 0.0778043270111084, "passed": false}, "23": {"execution_time": 0.07704591751098633, "passed": false}, "24": {"execution_time": 0.07579684257507324, "passed": false}}}, "pylint_score": "-5/10"}