{"version": "1", "message": "ERROR: Hidden Testcases server unreachable.", "problem_id": "cspp1_m10_a1_1", "user_id": "saad181", "score": {"sample": {"0": {"execution_time": 0.39027833938598633, "passed": false}, "1": {"execution_time": 0.0468597412109375, "passed": false}, "2": {"execution_time": 0.04686379432678223, "passed": false}, "3": {"execution_time": 0.04686856269836426, "passed": false}, "4": {"execution_time": 0.046862125396728516, "passed": false}, "5": {"execution_time": 0.04686474800109863, "passed": false}, "6": {"execution_time": 0.04686450958251953, "passed": true}, "7": {"execution_time": 0.04686331748962402, "passed": false}, "8": {"execution_time": 0.04686617851257324, "passed": false}, "9": {"execution_time": 0.05012369155883789, "passed": false}, "10": {"execution_time": 0.04683637619018555, "passed": true}, "11": {"execution_time": 0.04689216613769531, "passed": true}, "12": {"execution_time": 0.046834468841552734, "passed": false}, "13": {"execution_time": 0.04686284065246582, "passed": false}, "14": {"execution_time": 0.04686546325683594, "passed": false}, "15": {"execution_time": 0.046892404556274414, "passed": false}, "16": {"execution_time": 0.04683256149291992, "passed": false}, "17": {"execution_time": 0.046895742416381836, "passed": false}, "18": {"execution_time": 0.04683232307434082, "passed": false}, "19": {"execution_time": 0.06748104095458984, "passed": false}, "20": {"execution_time": 0.038953542709350586, "passed": false}, "21": {"execution_time": 0.046895742416381836, "passed": false}, "22": {"execution_time": 0.046833038330078125, "passed": false}, "23": {"execution_time": 0.04689741134643555, "passed": false}, "24": {"execution_time": 0.04686164855957031, "passed": false}}}, "pylint_score": "2/10"}