{"version": "1", "message": "ERROR: Hidden Testcases server unreachable.", "problem_id": "cspp1_m10_a1_1", "user_id": "saad181", "score": {"sample": {"0": {"execution_time": 0.07778716087341309, "passed": false}, "1": {"execution_time": 0.10372471809387207, "passed": false}, "2": {"execution_time": 0.11867856979370117, "passed": false}, "3": {"execution_time": 0.10970807075500488, "passed": false}, "4": {"execution_time": 0.11469244956970215, "passed": false}, "5": {"execution_time": 0.11269783973693848, "passed": false}, "6": {"execution_time": 0.08776569366455078, "passed": false}, "7": {"execution_time": 0.1017293930053711, "passed": false}, "8": {"execution_time": 0.13065123558044434, "passed": false}, "9": {"execution_time": 0.10372495651245117, "passed": false}, "10": {"execution_time": 0.08776545524597168, "passed": false}, "11": {"execution_time": 0.10822057723999023, "passed": false}, "12": {"execution_time": 0.0942690372467041, "passed": false}, "13": {"execution_time": 0.10372209548950195, "passed": false}, "14": {"execution_time": 0.09275031089782715, "passed": false}, "15": {"execution_time": 0.10272407531738281, "passed": false}, "16": {"execution_time": 0.10870981216430664, "passed": false}, "17": {"execution_time": 0.0967416763305664, "passed": false}, "18": {"execution_time": 0.10870814323425293, "passed": false}, "19": {"execution_time": 0.09574437141418457, "passed": false}, "20": {"execution_time": 0.09326171875, "passed": false}, "21": {"execution_time": 0.09375476837158203, "passed": false}, "22": {"execution_time": 0.10371804237365723, "passed": false}, "23": {"execution_time": 0.08776473999023438, "passed": false}, "24": {"execution_time": 0.10484194755554199, "passed": false}}}, "pylint_score": "-5/10"}