{"version": "1", "message": "ERROR: Hidden Testcases server unreachable.", "problem_id": "cspp1_m10_a1_1", "user_id": "saad181", "score": {"sample": {"0": {"execution_time": 0.12914037704467773, "passed": false}, "1": {"execution_time": 0.04689478874206543, "passed": true}, "2": {"execution_time": 0.04683542251586914, "passed": true}, "3": {"execution_time": 0.04689311981201172, "passed": true}, "4": {"execution_time": 0.04683232307434082, "passed": true}, "5": {"execution_time": 0.04686617851257324, "passed": false}, "6": {"execution_time": 0.04689311981201172, "passed": true}, "7": {"execution_time": 0.04683327674865723, "passed": true}, "8": {"execution_time": 0.04689979553222656, "passed": true}, "9": {"execution_time": 0.04685831069946289, "passed": false}, "10": {"execution_time": 0.04683637619018555, "passed": true}, "11": {"execution_time": 0.04686236381530762, "passed": true}, "12": {"execution_time": 0.04689812660217285, "passed": true}, "13": {"execution_time": 0.046829938888549805, "passed": false}, "14": {"execution_time": 0.04686570167541504, "passed": false}, "15": {"execution_time": 0.046872854232788086, "passed": false}, "16": {"execution_time": 0.06247568130493164, "passed": false}, "17": {"execution_time": 0.046898603439331055, "passed": false}, "18": {"execution_time": 0.046859025955200195, "passed": false}, "19": {"execution_time": 0.04683279991149902, "passed": false}, "20": {"execution_time": 0.04686546325683594, "passed": false}, "21": {"execution_time": 0.04686236381530762, "passed": false}, "22": {"execution_time": 0.046894073486328125, "passed": false}, "23": {"execution_time": 0.04686403274536133, "passed": false}, "24": {"execution_time": 0.04684591293334961, "passed": false}}}, "pylint_score": "2/10"}