{"version": "1", "message": "ERROR: Hidden Testcases server unreachable.", "problem_id": "cspp1_m10_a1_1", "user_id": "saad181", "score": {"sample": {"0": {"execution_time": 0.14049530029296875, "passed": false}, "1": {"execution_time": 0.0517268180847168, "passed": true}, "2": {"execution_time": 0.042748212814331055, "passed": true}, "3": {"execution_time": 0.04686331748962402, "passed": true}, "4": {"execution_time": 0.046894073486328125, "passed": true}, "5": {"execution_time": 0.046834707260131836, "passed": false}, "6": {"execution_time": 0.04686117172241211, "passed": true}, "7": {"execution_time": 0.04689526557922363, "passed": true}, "8": {"execution_time": 0.046864986419677734, "passed": true}, "9": {"execution_time": 0.04686570167541504, "passed": false}, "10": {"execution_time": 0.04683375358581543, "passed": true}, "11": {"execution_time": 0.04689145088195801, "passed": true}, "12": {"execution_time": 0.046864986419677734, "passed": true}, "13": {"execution_time": 0.04683375358581543, "passed": false}, "14": {"execution_time": 0.04686307907104492, "passed": false}, "15": {"execution_time": 0.04686450958251953, "passed": false}, "16": {"execution_time": 0.031241416931152344, "passed": false}, "17": {"execution_time": 0.04689788818359375, "passed": false}, "18": {"execution_time": 0.0468297004699707, "passed": false}, "19": {"execution_time": 0.04689621925354004, "passed": false}, "20": {"execution_time": 0.04683494567871094, "passed": false}, "21": {"execution_time": 0.04689216613769531, "passed": false}, "22": {"execution_time": 0.05894660949707031, "passed": false}, "23": {"execution_time": 0.04663276672363281, "passed": false}, "24": {"execution_time": 0.03342032432556152, "passed": false}}}, "pylint_score": "2/10"}