{"version": "1", "message": "ERROR: Hidden Testcases server unreachable.", "problem_id": "cspp1_m10_a1_1", "user_id": "saad181", "score": {"sample": {"0": {"execution_time": 0.14522719383239746, "passed": false}, "1": {"execution_time": 0.051244258880615234, "passed": true}, "2": {"execution_time": 0.045879364013671875, "passed": true}, "3": {"execution_time": 0.04886889457702637, "passed": true}, "4": {"execution_time": 0.04687666893005371, "passed": true}, "5": {"execution_time": 0.046874284744262695, "passed": false}, "6": {"execution_time": 0.05086207389831543, "passed": true}, "7": {"execution_time": 0.04986715316772461, "passed": true}, "8": {"execution_time": 0.04587817192077637, "passed": true}, "9": {"execution_time": 0.05086469650268555, "passed": false}, "10": {"execution_time": 0.045877933502197266, "passed": true}, "11": {"execution_time": 0.04571127891540527, "passed": true}, "12": {"execution_time": 0.047283172607421875, "passed": true}, "13": {"execution_time": 0.04754924774169922, "passed": false}, "14": {"execution_time": 0.04676651954650879, "passed": false}, "15": {"execution_time": 0.047186851501464844, "passed": false}, "16": {"execution_time": 0.04719090461730957, "passed": false}, "17": {"execution_time": 0.05179405212402344, "passed": false}, "18": {"execution_time": 0.049530029296875, "passed": false}, "19": {"execution_time": 0.05086159706115723, "passed": false}, "20": {"execution_time": 0.04787278175354004, "passed": false}, "21": {"execution_time": 0.049538373947143555, "passed": false}, "22": {"execution_time": 0.048859596252441406, "passed": false}, "23": {"execution_time": 0.04796242713928223, "passed": false}, "24": {"execution_time": 0.04889535903930664, "passed": false}}}, "pylint_score": "1/10"}