{"version": "1", "message": "ERROR: Hidden Testcases server unreachable.", "problem_id": "cspp1_m10_a1_1", "user_id": "saad181", "score": {"sample": {"0": {"execution_time": 0.33712267875671387, "passed": false}, "1": {"execution_time": 0.28822994232177734, "passed": false}, "2": {"execution_time": 0.05684614181518555, "passed": false}, "3": {"execution_time": 0.06482887268066406, "passed": false}, "4": {"execution_time": 0.05684804916381836, "passed": false}, "5": {"execution_time": 0.05485391616821289, "passed": false}, "6": {"execution_time": 0.05286145210266113, "passed": false}, "7": {"execution_time": 0.05584979057312012, "passed": false}, "8": {"execution_time": 0.055852413177490234, "passed": false}, "9": {"execution_time": 0.05884146690368652, "passed": false}, "10": {"execution_time": 0.04886984825134277, "passed": false}, "11": {"execution_time": 0.054851531982421875, "passed": false}, "12": {"execution_time": 0.06083798408508301, "passed": false}, "13": {"execution_time": 0.05186319351196289, "passed": false}, "14": {"execution_time": 0.055849552154541016, "passed": false}, "15": {"execution_time": 0.0498659610748291, "passed": false}, "16": {"execution_time": 0.04886984825134277, "passed": false}, "17": {"execution_time": 0.04886913299560547, "passed": false}, "18": {"execution_time": 0.04886984825134277, "passed": false}, "19": {"execution_time": 0.04986572265625, "passed": false}, "20": {"execution_time": 0.057845115661621094, "passed": false}, "21": {"execution_time": 0.057845115661621094, "passed": false}, "22": {"execution_time": 0.056848764419555664, "passed": false}, "23": {"execution_time": 0.053859710693359375, "passed": false}, "24": {"execution_time": 0.056844234466552734, "passed": false}}}, "pylint_score": "0/0"}