{"version": "1", "message": "ERROR: Hidden Testcases server unreachable.", "problem_id": "cspp1_m10_a1_1", "user_id": "saad181", "score": {"sample": {"0": {"execution_time": 0.18302536010742188, "passed": false}, "1": {"execution_time": 0.1037294864654541, "passed": false}, "2": {"execution_time": 0.10542917251586914, "passed": false}, "3": {"execution_time": 0.10457420349121094, "passed": false}, "4": {"execution_time": 0.5300309658050537, "passed": false}, "5": {"execution_time": 0.12120962142944336, "passed": false}, "6": {"execution_time": 0.10737419128417969, "passed": false}, "7": {"execution_time": 0.10039162635803223, "passed": false}, "8": {"execution_time": 0.11812162399291992, "passed": false}, "9": {"execution_time": 0.10273122787475586, "passed": false}, "10": {"execution_time": 0.09985041618347168, "passed": false}, "11": {"execution_time": 0.09586381912231445, "passed": false}, "12": {"execution_time": 0.10606169700622559, "passed": false}, "13": {"execution_time": 0.09226608276367188, "passed": false}, "14": {"execution_time": 0.10573720932006836, "passed": false}, "15": {"execution_time": 0.09904050827026367, "passed": false}, "16": {"execution_time": 0.12575268745422363, "passed": false}, "17": {"execution_time": 0.10695195198059082, "passed": false}, "18": {"execution_time": 0.10501766204833984, "passed": false}, "19": {"execution_time": 0.10589456558227539, "passed": false}, "20": {"execution_time": 0.10784912109375, "passed": false}, "21": {"execution_time": 0.10527658462524414, "passed": false}, "22": {"execution_time": 0.10319304466247559, "passed": false}, "23": {"execution_time": 0.10618734359741211, "passed": false}, "24": {"execution_time": 0.10900044441223145, "passed": false}}}, "pylint_score": "-5/10"}