{"version": "1", "message": "ERROR: Hidden Testcases server unreachable.", "problem_id": "cspp1_m10_a1_1", "user_id": "saad181", "score": {"sample": {"0": {"execution_time": 0.54563307762146, "passed": false}, "1": {"execution_time": 0.04587745666503906, "passed": false}, "2": {"execution_time": 0.05684947967529297, "passed": false}, "3": {"execution_time": 0.051860809326171875, "passed": false}, "4": {"execution_time": 0.04787135124206543, "passed": false}, "5": {"execution_time": 0.04886817932128906, "passed": false}, "6": {"execution_time": 0.05086517333984375, "passed": false}, "7": {"execution_time": 0.050865888595581055, "passed": false}, "8": {"execution_time": 0.05585026741027832, "passed": false}, "9": {"execution_time": 0.048882484436035156, "passed": false}, "10": {"execution_time": 0.0468599796295166, "passed": false}, "11": {"execution_time": 0.04628944396972656, "passed": false}, "12": {"execution_time": 0.046872615814208984, "passed": false}, "13": {"execution_time": 0.046875715255737305, "passed": false}, "14": {"execution_time": 0.047720909118652344, "passed": false}, "15": {"execution_time": 0.04698681831359863, "passed": false}, "16": {"execution_time": 0.048871517181396484, "passed": false}, "17": {"execution_time": 0.04886937141418457, "passed": false}, "18": {"execution_time": 0.04742121696472168, "passed": false}, "19": {"execution_time": 0.047052621841430664, "passed": false}, "20": {"execution_time": 0.04688525199890137, "passed": false}, "21": {"execution_time": 0.0472562313079834, "passed": false}, "22": {"execution_time": 0.04754471778869629, "passed": false}, "23": {"execution_time": 0.0487978458404541, "passed": false}, "24": {"execution_time": 0.04783987998962402, "passed": false}}}, "pylint_score": "-2/10"}