{"version": "1", "message": "ERROR: Hidden Testcases server unreachable.", "problem_id": "cspp1_m10_a1_1", "user_id": "saad181", "score": {"sample": {"0": {"execution_time": 0.09075808525085449, "passed": true}, "1": {"execution_time": 0.049866676330566406, "passed": true}, "2": {"execution_time": 0.048866987228393555, "passed": false}, "3": {"execution_time": 0.04886889457702637, "passed": false}, "4": {"execution_time": 0.050864458084106445, "passed": false}, "5": {"execution_time": 0.05087733268737793, "passed": false}, "6": {"execution_time": 0.0498659610748291, "passed": false}, "7": {"execution_time": 0.049864768981933594, "passed": false}, "8": {"execution_time": 0.04787445068359375, "passed": false}, "9": {"execution_time": 0.04886269569396973, "passed": false}, "10": {"execution_time": 0.048873186111450195, "passed": false}, "11": {"execution_time": 0.048870086669921875, "passed": false}, "12": {"execution_time": 0.046871185302734375, "passed": false}, "13": {"execution_time": 0.05386161804199219, "passed": false}, "14": {"execution_time": 0.048871517181396484, "passed": false}, "15": {"execution_time": 0.07697296142578125, "passed": false}, "16": {"execution_time": 0.05585646629333496, "passed": true}, "17": {"execution_time": 0.06378173828125, "passed": true}, "18": {"execution_time": 0.3878450393676758, "passed": true}, "19": {"execution_time": 0.06653022766113281, "passed": false}, "20": {"execution_time": 0.04886674880981445, "passed": true}, "21": {"execution_time": 0.07180619239807129, "passed": false}, "22": {"execution_time": 0.05137181282043457, "passed": false}, "23": {"execution_time": 0.05883669853210449, "passed": false}, "24": {"execution_time": 0.04886889457702637, "passed": false}}}, "pylint_score": "-3/10"}