{"version": "1", "message": "ERROR: Hidden Testcases server unreachable.", "problem_id": "cspp1_m10_a1_1", "user_id": "saad181", "score": {"sample": {"0": {"execution_time": 0.07245421409606934, "passed": false}, "1": {"execution_time": 0.05328488349914551, "passed": false}, "2": {"execution_time": 0.04686617851257324, "passed": false}, "3": {"execution_time": 0.046862125396728516, "passed": false}, "4": {"execution_time": 0.06561493873596191, "passed": false}, "5": {"execution_time": 0.04226851463317871, "passed": false}, "6": {"execution_time": 0.046875, "passed": false}, "7": {"execution_time": 0.046854257583618164, "passed": false}, "8": {"execution_time": 0.04686403274536133, "passed": false}, "9": {"execution_time": 0.04686450958251953, "passed": false}, "10": {"execution_time": 0.04686331748962402, "passed": false}, "11": {"execution_time": 0.04686474800109863, "passed": false}, "12": {"execution_time": 0.04686307907104492, "passed": false}, "13": {"execution_time": 0.04686260223388672, "passed": false}, "14": {"execution_time": 0.04689812660217285, "passed": false}, "15": {"execution_time": 0.0468292236328125, "passed": false}, "16": {"execution_time": 0.03127431869506836, "passed": false}, "17": {"execution_time": 0.03124547004699707, "passed": false}, "18": {"execution_time": 0.04689288139343262, "passed": false}, "19": {"execution_time": 0.03124523162841797, "passed": false}, "20": {"execution_time": 0.051679134368896484, "passed": false}, "21": {"execution_time": 0.06801104545593262, "passed": false}, "22": {"execution_time": 0.03233170509338379, "passed": false}, "23": {"execution_time": 0.046836137771606445, "passed": false}, "24": {"execution_time": 0.04686331748962402, "passed": false}}}, "pylint_score": "-2/10"}