{"version": "1", "message": "ERROR: Hidden Testcases server unreachable.", "problem_id": "cspp1_m10_a1_1", "user_id": "saad181", "score": {"sample": {"0": {"execution_time": 0.10936164855957031, "passed": false}, "1": {"execution_time": 0.0624544620513916, "passed": true}, "2": {"execution_time": 0.044207096099853516, "passed": true}, "3": {"execution_time": 0.0468597412109375, "passed": true}, "4": {"execution_time": 0.06248736381530762, "passed": true}, "5": {"execution_time": 0.04686427116394043, "passed": false}, "6": {"execution_time": 0.046862125396728516, "passed": true}, "7": {"execution_time": 0.05304288864135742, "passed": true}, "8": {"execution_time": 0.058496952056884766, "passed": true}, "9": {"execution_time": 0.04686331748962402, "passed": false}, "10": {"execution_time": 0.04686474800109863, "passed": true}, "11": {"execution_time": 0.046864986419677734, "passed": true}, "12": {"execution_time": 0.04686331748962402, "passed": true}, "13": {"execution_time": 0.031241416931152344, "passed": false}, "14": {"execution_time": 0.04686403274536133, "passed": false}, "15": {"execution_time": 0.04689526557922363, "passed": false}, "16": {"execution_time": 0.04683566093444824, "passed": false}, "17": {"execution_time": 0.04812002182006836, "passed": false}, "18": {"execution_time": 0.046864986419677734, "passed": false}, "19": {"execution_time": 0.04689526557922363, "passed": false}, "20": {"execution_time": 0.04683542251586914, "passed": false}, "21": {"execution_time": 0.06248283386230469, "passed": false}, "22": {"execution_time": 0.04689502716064453, "passed": false}, "23": {"execution_time": 0.04683208465576172, "passed": false}, "24": {"execution_time": 0.04686450958251953, "passed": false}}}, "pylint_score": "1/10"}