{"version": "1", "message": "ERROR: Hidden Testcases server unreachable.", "problem_id": "cspp1_m10_a1_1", "user_id": "saad181", "score": {"sample": {"0": {"execution_time": 0.08380842208862305, "passed": true}, "1": {"execution_time": 0.06382894515991211, "passed": false}, "2": {"execution_time": 0.05285906791687012, "passed": false}, "3": {"execution_time": 0.05186796188354492, "passed": false}, "4": {"execution_time": 0.04985356330871582, "passed": false}, "5": {"execution_time": 0.0498661994934082, "passed": false}, "6": {"execution_time": 0.04984140396118164, "passed": false}, "7": {"execution_time": 0.05129885673522949, "passed": false}, "8": {"execution_time": 0.04986858367919922, "passed": false}, "9": {"execution_time": 0.04937577247619629, "passed": false}, "10": {"execution_time": 0.04986858367919922, "passed": false}, "11": {"execution_time": 0.055396080017089844, "passed": false}, "12": {"execution_time": 0.2139568328857422, "passed": false}, "13": {"execution_time": 0.05485129356384277, "passed": false}, "14": {"execution_time": 0.06284761428833008, "passed": false}, "15": {"execution_time": 0.05285525321960449, "passed": false}, "16": {"execution_time": 0.07280397415161133, "passed": false}, "17": {"execution_time": 0.0997323989868164, "passed": true}, "18": {"execution_time": 0.049865007400512695, "passed": false}, "19": {"execution_time": 0.059848785400390625, "passed": false}, "20": {"execution_time": 0.050856828689575195, "passed": true}, "21": {"execution_time": 0.049874305725097656, "passed": false}, "22": {"execution_time": 0.0498661994934082, "passed": false}, "23": {"execution_time": 0.049866437911987305, "passed": false}, "24": {"execution_time": 0.05037355422973633, "passed": false}}}, "pylint_score": "-3/10"}