{"version": "1", "message": "ERROR: Hidden Testcases server unreachable.", "problem_id": "cspp1_m10_a1_1", "user_id": "saad181", "score": {"sample": {"0": {"execution_time": 0.07813882827758789, "passed": false}, "1": {"execution_time": 0.04683232307434082, "passed": false}, "2": {"execution_time": 0.04686594009399414, "passed": false}, "3": {"execution_time": 0.046861886978149414, "passed": false}, "4": {"execution_time": 0.06248617172241211, "passed": false}, "5": {"execution_time": 0.04686474800109863, "passed": false}, "6": {"execution_time": 0.04686307907104492, "passed": true}, "7": {"execution_time": 0.04686260223388672, "passed": false}, "8": {"execution_time": 0.04686760902404785, "passed": false}, "9": {"execution_time": 0.04686093330383301, "passed": false}, "10": {"execution_time": 0.046864986419677734, "passed": true}, "11": {"execution_time": 0.062483787536621094, "passed": true}, "12": {"execution_time": 0.04686617851257324, "passed": false}, "13": {"execution_time": 0.046863555908203125, "passed": false}, "14": {"execution_time": 0.046864986419677734, "passed": false}, "15": {"execution_time": 0.062482595443725586, "passed": false}, "16": {"execution_time": 0.04686379432678223, "passed": false}, "17": {"execution_time": 0.04686546325683594, "passed": false}, "18": {"execution_time": 0.057862043380737305, "passed": false}, "19": {"execution_time": 0.050904035568237305, "passed": false}, "20": {"execution_time": 0.031244516372680664, "passed": false}, "21": {"execution_time": 0.04686260223388672, "passed": false}, "22": {"execution_time": 0.046895742416381836, "passed": false}, "23": {"execution_time": 0.04683232307434082, "passed": false}, "24": {"execution_time": 0.046895503997802734, "passed": false}}}, "pylint_score": "3/10"}