{"version": "1", "message": "ERROR: Hidden Testcases server unreachable.", "problem_id": "cspp1_m10_a1_1", "user_id": "saad181", "score": {"sample": {"0": {"execution_time": 0.23263287544250488, "passed": true}, "1": {"execution_time": 0.08301806449890137, "passed": true}, "2": {"execution_time": 0.07526588439941406, "passed": false}, "3": {"execution_time": 0.07599186897277832, "passed": false}, "4": {"execution_time": 0.07430458068847656, "passed": false}, "5": {"execution_time": 0.06369185447692871, "passed": false}, "6": {"execution_time": 0.1643974781036377, "passed": false}, "7": {"execution_time": 0.12259149551391602, "passed": false}, "8": {"execution_time": 0.11478209495544434, "passed": false}, "9": {"execution_time": 0.0664680004119873, "passed": false}, "10": {"execution_time": 0.06654691696166992, "passed": false}, "11": {"execution_time": 0.06599998474121094, "passed": false}, "12": {"execution_time": 0.06734251976013184, "passed": false}, "13": {"execution_time": 0.06635260581970215, "passed": false}, "14": {"execution_time": 0.050676822662353516, "passed": false}, "15": {"execution_time": 0.050244808197021484, "passed": false}, "16": {"execution_time": 0.04872417449951172, "passed": true}, "17": {"execution_time": 0.04956507682800293, "passed": true}, "18": {"execution_time": 0.04861807823181152, "passed": true}, "19": {"execution_time": 0.050472259521484375, "passed": false}, "20": {"execution_time": 0.04929208755493164, "passed": true}, "21": {"execution_time": 0.0499722957611084, "passed": false}, "22": {"execution_time": 0.04992794990539551, "passed": false}, "23": {"execution_time": 0.04899406433105469, "passed": false}, "24": {"execution_time": 0.0496821403503418, "passed": false}}}, "pylint_score": "-3/10"}