{"version": "1", "message": "ERROR: Hidden Testcases server unreachable.", "problem_id": "cspp1_m10_a1_1", "user_id": "saad181", "score": {"sample": {"0": {"execution_time": 0.23298430442810059, "passed": false}, "1": {"execution_time": 0.05085873603820801, "passed": false}, "2": {"execution_time": 0.05185961723327637, "passed": false}, "3": {"execution_time": 0.050864219665527344, "passed": false}, "4": {"execution_time": 0.049863338470458984, "passed": false}, "5": {"execution_time": 0.04986691474914551, "passed": false}, "6": {"execution_time": 0.046875, "passed": false}, "7": {"execution_time": 0.04587531089782715, "passed": false}, "8": {"execution_time": 0.04787182807922363, "passed": false}, "9": {"execution_time": 0.04887032508850098, "passed": false}, "10": {"execution_time": 0.046173095703125, "passed": false}, "11": {"execution_time": 0.04587841033935547, "passed": false}, "12": {"execution_time": 0.04666256904602051, "passed": false}, "13": {"execution_time": 0.04648780822753906, "passed": false}, "14": {"execution_time": 0.04786062240600586, "passed": false}, "15": {"execution_time": 0.047478437423706055, "passed": false}, "16": {"execution_time": 0.04992866516113281, "passed": false}, "17": {"execution_time": 0.04587721824645996, "passed": false}, "18": {"execution_time": 0.04715871810913086, "passed": false}, "19": {"execution_time": 0.0456850528717041, "passed": false}, "20": {"execution_time": 0.045876502990722656, "passed": false}, "21": {"execution_time": 0.0464780330657959, "passed": false}, "22": {"execution_time": 0.04590749740600586, "passed": false}, "23": {"execution_time": 0.0475461483001709, "passed": false}, "24": {"execution_time": 0.047438621520996094, "passed": false}}}, "pylint_score": "0/10"}