{"version": "1", "message": "ERROR: Hidden Testcases server unreachable.", "problem_id": "cspp1_m10_a1_1", "user_id": "saad181", "score": {"sample": {"0": {"execution_time": 0.11230349540710449, "passed": true}, "1": {"execution_time": 0.22259521484375, "passed": false}, "2": {"execution_time": 0.07679247856140137, "passed": false}, "3": {"execution_time": 0.07512664794921875, "passed": false}, "4": {"execution_time": 0.16011667251586914, "passed": false}, "5": {"execution_time": 0.13651061058044434, "passed": false}, "6": {"execution_time": 0.16379499435424805, "passed": false}, "7": {"execution_time": 0.16941118240356445, "passed": false}, "8": {"execution_time": 0.16157293319702148, "passed": false}, "9": {"execution_time": 0.17827701568603516, "passed": false}, "10": {"execution_time": 0.19516515731811523, "passed": false}, "11": {"execution_time": 0.15276217460632324, "passed": false}, "12": {"execution_time": 0.08138155937194824, "passed": false}, "13": {"execution_time": 0.1213846206665039, "passed": false}, "14": {"execution_time": 0.1731863021850586, "passed": false}, "15": {"execution_time": 0.13888883590698242, "passed": false}, "16": {"execution_time": 0.14865350723266602, "passed": false}, "17": {"execution_time": 0.1533184051513672, "passed": false}, "18": {"execution_time": 0.08324146270751953, "passed": false}, "19": {"execution_time": 0.07997298240661621, "passed": false}, "20": {"execution_time": 0.20382952690124512, "passed": false}, "21": {"execution_time": 0.10265445709228516, "passed": false}, "22": {"execution_time": 0.13472199440002441, "passed": false}, "23": {"execution_time": 0.11300945281982422, "passed": false}, "24": {"execution_time": 0.08371973037719727, "passed": false}}}, "pylint_score": "-2/10"}