{"version": "1", "message": "ERROR: Hidden Testcases server unreachable.", "problem_id": "cspp1_m10_a1_1", "user_id": "saad181", "score": {"sample": {"0": {"execution_time": 0.1398310661315918, "passed": false}, "1": {"execution_time": 0.04886984825134277, "passed": true}, "2": {"execution_time": 0.0468747615814209, "passed": true}, "3": {"execution_time": 0.04587864875793457, "passed": true}, "4": {"execution_time": 0.047272443771362305, "passed": true}, "5": {"execution_time": 0.04688143730163574, "passed": false}, "6": {"execution_time": 0.051737308502197266, "passed": true}, "7": {"execution_time": 0.048868417739868164, "passed": true}, "8": {"execution_time": 0.045877933502197266, "passed": true}, "9": {"execution_time": 0.045879364013671875, "passed": false}, "10": {"execution_time": 0.05186057090759277, "passed": true}, "11": {"execution_time": 0.04587912559509277, "passed": true}, "12": {"execution_time": 0.047870635986328125, "passed": true}, "13": {"execution_time": 0.04787135124206543, "passed": false}, "14": {"execution_time": 0.04487967491149902, "passed": false}, "15": {"execution_time": 0.055850982666015625, "passed": false}, "16": {"execution_time": 0.046765804290771484, "passed": false}, "17": {"execution_time": 0.04587864875793457, "passed": false}, "18": {"execution_time": 0.04587697982788086, "passed": false}, "19": {"execution_time": 0.04747176170349121, "passed": false}, "20": {"execution_time": 0.04886889457702637, "passed": false}, "21": {"execution_time": 0.04731178283691406, "passed": false}, "22": {"execution_time": 0.047873735427856445, "passed": false}, "23": {"execution_time": 0.04688096046447754, "passed": false}, "24": {"execution_time": 0.04670262336730957, "passed": false}}}, "pylint_score": "1/10"}