{"version": "1", "message": "ERROR: Hidden Testcases server unreachable.", "problem_id": "cspp1_m10_a1_1", "user_id": "saad181", "score": {"sample": {"0": {"execution_time": 0.062381744384765625, "passed": false}, "1": {"execution_time": 0.046896934509277344, "passed": false}, "2": {"execution_time": 0.04683423042297363, "passed": false}, "3": {"execution_time": 0.04689478874206543, "passed": false}, "4": {"execution_time": 0.04686164855957031, "passed": false}, "5": {"execution_time": 0.04686403274536133, "passed": false}, "6": {"execution_time": 0.04686784744262695, "passed": false}, "7": {"execution_time": 0.04683184623718262, "passed": false}, "8": {"execution_time": 0.04689311981201172, "passed": false}, "9": {"execution_time": 0.04686403274536133, "passed": false}, "10": {"execution_time": 0.06245279312133789, "passed": false}, "11": {"execution_time": 0.04686427116394043, "passed": false}, "12": {"execution_time": 0.046866416931152344, "passed": false}, "13": {"execution_time": 0.06248283386230469, "passed": false}, "14": {"execution_time": 0.031249523162841797, "passed": false}, "15": {"execution_time": 0.06250977516174316, "passed": false}, "16": {"execution_time": 0.04683637619018555, "passed": false}, "17": {"execution_time": 0.046860694885253906, "passed": false}, "18": {"execution_time": 0.046866655349731445, "passed": false}, "19": {"execution_time": 0.046891212463378906, "passed": false}, "20": {"execution_time": 0.04683375358581543, "passed": false}, "21": {"execution_time": 0.06248617172241211, "passed": false}, "22": {"execution_time": 0.04686689376831055, "passed": false}, "23": {"execution_time": 0.046862125396728516, "passed": false}, "24": {"execution_time": 0.04689335823059082, "passed": false}}}, "pylint_score": "-8/10"}