{"version": "1", "message": "ERROR: Hidden Testcases server unreachable.", "problem_id": "cspp1_m10_a1_1", "user_id": "saad181", "score": {"sample": {"0": {"execution_time": 0.14004802703857422, "passed": false}, "1": {"execution_time": 0.0498661994934082, "passed": false}, "2": {"execution_time": 0.04787302017211914, "passed": false}, "3": {"execution_time": 0.054852962493896484, "passed": false}, "4": {"execution_time": 0.04534268379211426, "passed": false}, "5": {"execution_time": 0.04588794708251953, "passed": false}, "6": {"execution_time": 0.0473787784576416, "passed": false}, "7": {"execution_time": 0.04693746566772461, "passed": false}, "8": {"execution_time": 0.04786992073059082, "passed": false}, "9": {"execution_time": 0.046875715255737305, "passed": false}, "10": {"execution_time": 0.04699969291687012, "passed": false}, "11": {"execution_time": 0.0468747615814209, "passed": false}, "12": {"execution_time": 0.0468752384185791, "passed": false}, "13": {"execution_time": 0.04587745666503906, "passed": false}, "14": {"execution_time": 0.04692792892456055, "passed": false}, "15": {"execution_time": 0.04687643051147461, "passed": false}, "16": {"execution_time": 0.04687166213989258, "passed": false}, "17": {"execution_time": 0.04819464683532715, "passed": false}, "18": {"execution_time": 0.04657769203186035, "passed": false}, "19": {"execution_time": 0.04723787307739258, "passed": false}, "20": {"execution_time": 0.048278093338012695, "passed": false}, "21": {"execution_time": 0.059137821197509766, "passed": false}, "22": {"execution_time": 0.048063039779663086, "passed": false}, "23": {"execution_time": 0.04813504219055176, "passed": false}, "24": {"execution_time": 0.04787278175354004, "passed": false}}}, "pylint_score": "2/10"}