{"version": "1", "message": "ERROR: Hidden Testcases server unreachable.", "problem_id": "cspp1_m10_a1_1", "user_id": "saad181", "score": {"sample": {"0": {"execution_time": 0.09375882148742676, "passed": false}, "1": {"execution_time": 0.04683351516723633, "passed": true}, "2": {"execution_time": 0.04689455032348633, "passed": true}, "3": {"execution_time": 0.046831369400024414, "passed": true}, "4": {"execution_time": 0.06016182899475098, "passed": true}, "5": {"execution_time": 0.04686427116394043, "passed": false}, "6": {"execution_time": 0.046866416931152344, "passed": true}, "7": {"execution_time": 0.04688215255737305, "passed": true}, "8": {"execution_time": 0.046843528747558594, "passed": true}, "9": {"execution_time": 0.04687094688415527, "passed": false}, "10": {"execution_time": 0.06247830390930176, "passed": true}, "11": {"execution_time": 0.06248617172241211, "passed": true}, "12": {"execution_time": 0.04686307907104492, "passed": true}, "13": {"execution_time": 0.046866655349731445, "passed": false}, "14": {"execution_time": 0.04686331748962402, "passed": false}, "15": {"execution_time": 0.046861886978149414, "passed": false}, "16": {"execution_time": 0.04686594009399414, "passed": false}, "17": {"execution_time": 0.062491655349731445, "passed": false}, "18": {"execution_time": 0.046887874603271484, "passed": false}, "19": {"execution_time": 0.04683232307434082, "passed": false}, "20": {"execution_time": 0.04689455032348633, "passed": false}, "21": {"execution_time": 0.046836137771606445, "passed": false}, "22": {"execution_time": 0.04689431190490723, "passed": false}, "23": {"execution_time": 0.04683375358581543, "passed": false}, "24": {"execution_time": 0.059104204177856445, "passed": false}}}, "pylint_score": "3/10"}