{"version": "1", "message": "ERROR: Hidden Testcases server unreachable.", "problem_id": "cspp1_m10_a1_1", "user_id": "saad181", "score": {"sample": {"0": {"execution_time": 0.11493396759033203, "passed": true}, "1": {"execution_time": 0.04884529113769531, "passed": false}, "2": {"execution_time": 0.04961252212524414, "passed": false}, "3": {"execution_time": 0.0495455265045166, "passed": false}, "4": {"execution_time": 0.04864358901977539, "passed": false}, "5": {"execution_time": 0.05074310302734375, "passed": false}, "6": {"execution_time": 0.04856276512145996, "passed": false}, "7": {"execution_time": 0.0533604621887207, "passed": false}, "8": {"execution_time": 0.04885697364807129, "passed": false}, "9": {"execution_time": 0.09401488304138184, "passed": false}, "10": {"execution_time": 0.0538785457611084, "passed": false}, "11": {"execution_time": 0.05291938781738281, "passed": false}, "12": {"execution_time": 0.06711006164550781, "passed": false}, "13": {"execution_time": 0.18942689895629883, "passed": false}, "14": {"execution_time": 0.08707046508789062, "passed": false}, "15": {"execution_time": 0.10617709159851074, "passed": false}, "16": {"execution_time": 0.04909253120422363, "passed": true}, "17": {"execution_time": 0.04959726333618164, "passed": true}, "18": {"execution_time": 0.04952716827392578, "passed": true}, "19": {"execution_time": 0.04942774772644043, "passed": false}, "20": {"execution_time": 0.04974222183227539, "passed": true}, "21": {"execution_time": 0.0478968620300293, "passed": false}, "22": {"execution_time": 0.049942970275878906, "passed": false}, "23": {"execution_time": 0.051105499267578125, "passed": false}, "24": {"execution_time": 0.04981875419616699, "passed": false}}}, "pylint_score": "-3/10"}