{"version": "1", "message": "ERROR: Hidden Testcases server unreachable.", "problem_id": "cspp1_m10_a1_1", "user_id": "saad181", "score": {"sample": {"0": {"execution_time": 0.10986185073852539, "passed": false}, "1": {"execution_time": 0.09586668014526367, "passed": false}, "2": {"execution_time": 0.1067507266998291, "passed": false}, "3": {"execution_time": 0.31787562370300293, "passed": false}, "4": {"execution_time": 0.13011717796325684, "passed": false}, "5": {"execution_time": 0.1985921859741211, "passed": false}, "6": {"execution_time": 0.21556782722473145, "passed": false}, "7": {"execution_time": 0.11973786354064941, "passed": false}, "8": {"execution_time": 0.07839226722717285, "passed": false}, "9": {"execution_time": 0.07942533493041992, "passed": false}, "10": {"execution_time": 0.0755314826965332, "passed": false}, "11": {"execution_time": 0.07638430595397949, "passed": false}, "12": {"execution_time": 0.14655137062072754, "passed": false}, "13": {"execution_time": 0.27057361602783203, "passed": false}, "14": {"execution_time": 0.13884782791137695, "passed": false}, "15": {"execution_time": 0.0775752067565918, "passed": false}, "16": {"execution_time": 0.071807861328125, "passed": false}, "17": {"execution_time": 0.07963395118713379, "passed": false}, "18": {"execution_time": 0.16258454322814941, "passed": false}, "19": {"execution_time": 0.1790933609008789, "passed": false}, "20": {"execution_time": 0.1776595115661621, "passed": false}, "21": {"execution_time": 0.1443026065826416, "passed": false}, "22": {"execution_time": 0.13219046592712402, "passed": false}, "23": {"execution_time": 0.0645287036895752, "passed": false}, "24": {"execution_time": 0.07724118232727051, "passed": false}}}, "pylint_score": "-4/10"}